"Stem","Freq_13_20","Freq_13_14","Freq_15_16","Freq_17_18","Freq_19_20"
"1pl",1,0,1,0,0
"3",1,0,0,1,0
"‚Äúgame the system‚Äù classifi",1,0,0,1,0
"ab experi",1,0,1,0,0
"abet accredit",1,0,0,0,1
"abil",1,1,0,0,0
"academic achiev",1,0,0,1,0
"academic achievement predict",1,0,0,1,0
"academic dishonesti",1,0,0,1,0
"academic learning object",1,0,1,0,0
"academic outcom",1,0,0,0,1
"academic perform",2,2,0,0,0
"academic program manag",1,0,0,0,1
"academic student success",1,0,0,1,0
"active learn",3,0,1,1,1
"activity theori",1,1,0,0,0
"activity visu",1,1,0,0,0
"adaptive and non-adaptive test",1,1,0,0,0
"adaptive assess",1,0,0,1,0
"adaptive intervent",1,0,0,1,0
"adaptive learn",7,0,0,3,4
"adaptive scaffold",1,0,1,0,0
"adaptive spac",1,0,0,0,1
"adaptive system",2,1,1,0,0
"adaptive train",1,0,0,0,1
"adaptive tutoring system",1,0,0,1,0
"additive factor model",3,0,1,2,0
"additive factors model",1,0,0,1,0
"admiss",1,0,0,1,0
"adult literaci",2,0,0,2,0
"adult read",1,0,0,1,0
"advanced guiraud",1,0,0,1,0
"adversarial reinforcement learn",1,0,0,0,1
"affect",4,2,2,0,0
"affect chronometri",1,0,0,1,0
"affect detect",4,3,0,0,1
"affect dynam",1,0,0,1,0
"affect model",1,1,0,0,0
"affect sequ",1,1,0,0,0
"affect st",1,0,0,0,1
"affective comput",5,3,1,0,1
"affective persist",1,1,0,0,0
"affinity propag",1,0,1,0,0
"afghanistan education system",1,0,1,0,0
"after-school program",1,1,0,0,0
"afterschool program",1,0,1,0,0
"agent",1,0,0,0,1
"agglomerative clust",2,1,0,1,0
"aggregate learn",1,1,0,0,0
"aic",1,1,0,0,0
"alek",3,1,1,1,0
"algorithm",1,0,1,0,0
"algorithm analysi",1,0,1,0,0
"align",1,0,0,0,1
"analysi",2,2,0,0,0
"analyt",2,0,0,0,2
"analytic tools for learn",1,0,1,0,0
"analyzing wrong answ",1,0,0,1,0
"anaphora resolut",1,1,0,0,0
"anomaly detect",1,0,0,0,1
"anova",1,0,0,1,0
"answer assess",1,0,0,0,1
"ant colony optim",1,0,0,0,1
"applic",1,0,1,0,0
"applied machine learn",1,1,0,0,0
"argument diagram",3,0,1,2,0
"assess",9,2,4,2,1
"assessment gener",1,0,0,1,0
"assignment s",1,0,1,0,0
"assist",2,0,1,1,0
"assistance model",1,1,0,0,0
"assistance progress model",1,1,0,0,0
"association analysi",1,0,0,0,1
"association rule min",3,1,0,1,1
"at-risk stud",3,0,1,1,1
"atc framework",1,0,0,0,1
"attend",1,0,0,1,0
"attent",1,0,0,0,1
"attention-awar",1,0,0,1,0
"attention-aware learn",2,0,1,1,0
"attention network",1,0,0,0,1
"attitud",1,1,0,0,0
"attrit",1,0,1,0,0
"attrition bia",1,1,0,0,0
"audio analysi",1,0,0,0,1
"augmented graph grammar",2,0,1,1,0
"authent",1,0,0,1,0
"authentic quest",1,0,0,1,0
"auto-assess",1,0,1,0,0
"auto-grad",1,0,0,0,1
"auto-scor",1,0,1,0,0
"autograding system",1,0,1,0,0
"automated assess",3,0,0,2,1
"automated essay feedback",1,0,1,0,0
"automated essay scor",1,0,0,0,1
"automated face analysi",1,0,0,0,1
"automated grading system",1,0,0,1,0
"automated inquiry assess",1,1,0,0,0
"automated process assess",1,0,1,0,0
"automated student assessment pr",1,0,0,0,1
"automated writing assess",1,0,1,0,0
"automated writing evalu",1,0,1,0,0
"automatic composition of test pap",1,0,0,1,0
"automatic eye gaze follow",1,0,0,1,0
"automatic feedback",2,1,0,1,0
"automatic grad",3,0,0,1,2
"automatic speech recognit",2,0,1,0,1
"autotutor",2,0,0,2,0
"average model",1,0,0,0,1
"aviation pilot",1,0,1,0,0
"azur",1,0,0,0,1
"banner",1,0,0,1,0
"bayesian hierarchical model",1,0,1,0,0
"bayesian infer",1,0,0,1,0
"bayesian knowledge trac",8,3,2,3,0
"bayesian learn",1,0,0,1,0
"bayesian model",1,0,0,0,1
"bayesian models of student perform",1,0,1,0,0
"bayesian network",5,1,3,1,0
"bayesian regress",1,0,0,1,0
"bayesian statist",1,0,1,0,0
"behavior detect",1,0,0,0,1
"behavior discoveri",1,1,0,0,0
"behavior model",1,1,0,0,0
"behavioral analys",1,0,0,1,0
"behavioral data",1,0,0,1,0
"behavioral engag",1,0,1,0,0
"behavioural pattern",1,0,0,1,0
"best educational practic",1,0,0,1,0
"bias-variance tradeoff",1,0,1,0,0
"bias select",1,0,0,0,1
"bic",1,1,0,0,0
"biometr",1,0,0,0,1
"biometric sensor",1,0,0,0,1
"bkt",2,0,0,2,0
"bktsr",1,0,0,1,0
"blended approach",1,0,1,0,0
"blended cours",2,0,0,2,0
"blended learn",1,0,1,0,0
"bleu",1,0,1,0,0
"block-based program",1,0,0,0,1
"block coordinate desc",1,1,0,0,0
"bloom‚Äôs taxonomi",1,0,0,1,0
"blue collar job",1,0,1,0,0
"boredom",1,1,0,0,0
"bot",1,0,0,0,1
"bridge ensemble measur",1,0,0,1,0
"brute force bkt model",1,0,0,1,0
"business analyt",1,0,1,0,0
"business educ",1,0,0,1,0
"causal discoveri",1,0,0,1,0
"causal forest",1,0,0,1,0
"causal mechan",1,0,1,0,0
"causal path analysis model",1,1,0,0,0
"cct",1,1,0,0,0
"chat",1,0,0,1,0
"chatbot",1,0,0,0,1
"cheat",1,0,0,0,1
"cheating experi",1,1,0,0,0
"chemistri",2,0,1,1,0
"chinese automated essay scor",1,0,0,1,0
"chinese linguistic ind",1,0,0,1,0
"choic",1,0,1,0,0
"chunk",1,0,1,0,0
"claim",1,0,0,1,0
"classical item analysi",1,0,1,0,0
"classif",11,2,2,6,1
"classifi",1,0,1,0,0
"classification techniqu",1,0,0,0,1
"classroom",1,1,0,0,0
"classroom behavior optim",1,1,0,0,0
"classroom discours",2,0,0,1,1
"classroom environ",1,0,1,0,0
"classroom observation video",1,0,0,1,0
"clickstream",1,0,0,0,1
"clickstream data",2,0,0,1,1
"close-the-loop experi",1,0,1,0,0
"closing the loop between research and practic",1,0,0,0,1
"cluster",11,3,1,5,2
"cluster analysi",1,0,0,0,1
"cluster similar",1,0,1,0,0
"clustering algorithm",1,0,0,1,0
"clustering analysi",1,0,0,1,0
"clustering educational item",1,0,0,0,1
"clustering student behaviour",1,0,1,0,0
"co-operative educ",1,0,0,1,0
"co-taken cours",1,0,0,0,1
"code snapshot",1,1,0,0,0
"coding schem",2,0,0,0,2
"cognitive assess",1,0,0,1,0
"cognitive diagnosis model",1,0,0,1,0
"cognitive diagnosis student model",1,0,0,0,1
"cognitive diagnostic model",2,1,0,0,1
"cognitive engag",1,0,1,0,0
"cognitive model",4,0,2,1,1
"cognitive psycholog",1,0,0,1,0
"cognitive task analysi",2,0,1,1,0
"cognitive tutor",5,2,1,2,0
"coh-metrix",3,1,1,0,1
"collabor",6,1,2,2,1
"collaborative filt",2,0,1,0,1
"collaborative knowledge-build",1,1,0,0,0
"collaborative learn",7,3,1,2,1
"collaborative learning analysi",1,0,0,0,1
"collaborative problem-solv",1,0,0,0,1
"collaborative problem solv",3,1,1,1,0
"collaborative project",1,1,0,0,0
"college appl",1,0,0,0,1
"college characterist",1,0,0,1,0
"college enrol",1,1,0,0,0
"college success",1,0,0,0,1
"common app",1,0,0,0,1
"common student misconcept",1,0,0,1,0
"community detect",1,0,0,1,0
"community question answ",1,0,0,1,0
"comparative analysi",1,0,1,0,0
"competency-based train",1,0,1,0,0
"completion tim",1,0,1,0,0
"complex problem solv",1,1,0,0,0
"complex skil",2,0,2,0,0
"compliance with prompt",1,0,0,1,0
"component model",1,1,0,0,0
"composition effect",1,0,1,0,0
"computational linguist",1,1,0,0,0
"computational think",1,0,0,1,0
"computer-based learning environ",2,0,1,1,0
"computer-mediated tutor",1,1,0,0,0
"computer-supported collaborative work",1,0,0,0,1
"computer adaptive train",1,1,0,0,0
"computer literaci",1,0,0,1,0
"computer science teach",1,0,1,0,0
"computer supported collaborative learn",1,0,0,0,1
"concept complex",1,0,0,0,1
"concept dependency graph",1,0,0,1,0
"concept discoveri",1,0,0,0,1
"concept map",1,0,1,0,0
"conceptual and social learning process",1,0,1,0,0
"confid",1,0,0,1,0
"confirmatory factor analysi",1,0,0,0,1
"confus",1,1,0,0,0
"confusion character",1,0,0,1,0
"constructed response scor",1,0,1,0,0
"construction",1,1,0,0,0
"content efficaci",1,0,0,1,0
"content improv",1,0,0,0,1
"content pedagogi",1,0,0,0,1
"content sequenc",1,0,0,0,1
"context-free grammar",1,1,0,0,0
"context tre",1,0,0,1,0
"contextual guess slip",1,0,0,1,0
"contextual numb",1,0,0,1,0
"continuous-time model",1,0,0,0,1
"conversational tutor",1,1,0,0,0
"convolutional neural network",2,0,0,1,1
"corpus linguist",2,1,0,1,0
"corpus s",1,0,0,1,0
"correlation min",1,0,1,0,0
"counterfactual infer",1,0,0,1,0
"coupled interact",1,0,1,0,0
"course-wise influ",1,0,0,1,0
"course complet",1,0,1,0,0
"course enrol",1,0,0,1,0
"course enrollment recommender system",1,0,1,0,0
"course recommend",2,0,0,1,1
"course search",1,0,0,0,1
"course structur",1,1,0,0,0
"course2vec",1,0,0,0,1
"creativ",1,0,0,0,1
"credit comput",1,0,0,1,0
"critical decis",1,0,0,0,1
"cross-recurrence quantif",1,0,0,1,0
"cross-valid",1,1,0,0,0
"cross sect",1,0,1,0,0
"crowdsourc",4,0,1,1,2
"csal",1,0,0,1,0
"csal autotutor",1,0,0,1,0
"cumulative knowledg",1,0,0,0,1
"curriculum",1,0,0,0,1
"data",1,0,1,0,0
"data-driven method",1,0,1,0,0
"data-driven tutor",1,0,0,1,0
"data-driven tutoring system",1,0,1,0,0
"data-informed effort",1,0,0,0,1
"data-informed learning theori",1,0,0,0,1
"data collect",1,0,1,0,0
"data interpret",1,0,0,1,0
"data min",9,4,3,0,2
"data preprocess",1,1,0,0,0
"data qu",1,0,1,0,0
"data storage and shar",1,0,0,0,1
"data structur",3,1,1,1,0
"data vectors represent",1,0,0,1,0
"data visu",3,1,0,1,1
"decimal numb",1,0,0,0,1
"decision support system",1,0,0,0,1
"decision tre",1,1,0,0,0
"deep knowledge trac",2,0,1,1,0
"deep learn",16,0,5,2,9
"deep learning for educ",1,0,0,1,0
"deep neural network",2,0,0,2,0
"deep q-network",1,0,0,0,1
"deep residual learn",1,0,0,1,0
"demograph",1,0,0,0,1
"demographic analysi",1,0,0,0,1
"depth of process",1,0,1,0,0
"desirable difficulti",1,0,0,1,0
"detector",2,1,1,0,0
"detector model",1,0,0,1,0
"developmental mathemat",1,0,0,1,0
"dialogic instruct",2,0,0,1,1
"dialogu",1,0,0,0,1
"dialogue act",1,0,1,0,0
"dialogue act model",1,1,0,0,0
"dialogue system",1,1,0,0,0
"difficulti",1,0,1,0,0
"difficulty factors assess",1,0,0,1,0
"difficulty level",1,0,0,0,1
"digital footprint",1,0,0,1,0
"digital learning gam",1,0,0,0,1
"digitally-based assess",1,0,0,0,1
"dimension",1,0,0,1,0
"dimensionality reduct",2,0,0,1,1
"discours",1,0,0,1,0
"discourse analysi",1,1,0,0,0
"discovering curricular gap",1,0,0,0,1
"discovery with model",1,1,0,0,0
"discussion forum",4,0,2,0,2
"discussion forum analysi",1,0,0,1,0
"disengag",2,0,0,1,1
"disengaged behavior",1,0,0,0,1
"distance matrix",1,0,0,1,0
"distance metr",1,0,1,0,0
"divergent think",1,0,0,0,1
"doc2vec",1,0,1,0,0
"document clust",1,0,1,0,0
"document label",1,0,1,0,0
"doer effect",1,0,0,1,0
"dormitory occup",1,0,0,1,0
"dropout",1,0,0,1,0
"dropout predict",4,0,2,1,1
"durat",1,0,1,0,0
"dynamic analysi",1,0,0,1,0
"dynamic bayesian network",1,1,0,0,0
"dynamic difficulty adjust",1,0,0,0,1
"dynamic group composit",1,1,0,0,0
"dynamic time warp",1,0,0,1,0
"e-book log",1,0,1,0,0
"e-learn",2,1,0,0,1
"early warning system",2,0,1,1,0
"edge direct",1,0,0,1,0
"edge exist",1,0,0,1,0
"edit dist",1,0,0,0,1
"edm",1,0,0,1,0
"educ",3,0,1,0,2
"education outcom",1,0,1,0,0
"education set",1,0,0,0,1
"education system model",2,0,2,0,0
"education test",1,0,0,0,1
"educational data min",33,12,7,9,5
"educational dialogue analysi",1,0,0,0,1
"educational experi",1,0,0,1,0
"educational gam",9,4,2,2,1
"educational measur",1,0,0,0,1
"educational peer review",1,1,0,0,0
"educational recommender system",2,0,0,1,1
"educational session model",1,0,0,0,1
"educational system",2,0,0,1,1
"educational technolog",4,0,3,1,0
"educational video",1,0,1,0,0
"edx",1,1,0,0,0
"effect of help on perform",1,1,0,0,0
"efficaci",2,0,2,0,0
"effort",1,1,0,0,0
"email writ",1,0,0,0,1
"embedded assess",2,1,1,0,0
"emot",2,1,0,0,1
"emotion detect",1,1,0,0,0
"empathy messag",1,0,0,1,0
"engag",11,2,4,4,1
"engin",1,0,0,1,0
"english as a second languag",1,0,0,1,0
"ensembl",1,0,0,0,1
"ensemble learn",1,0,0,0,1
"ensemble method",1,0,1,0,0
"ensembled prediction model",1,0,0,1,0
"ensembling method",1,0,1,0,0
"entity embed",1,0,0,1,0
"entity ment",1,0,0,1,0
"entity uri",1,0,0,1,0
"entropi",1,0,0,0,1
"entropy analysi",1,1,0,0,0
"epistemic frame theori",1,0,1,0,0
"epistemic network analysi",1,0,0,1,0
"error",1,0,0,1,0
"error analysi",1,0,0,1,0
"esl",1,0,0,1,0
"essay qu",1,1,0,0,0
"essay r",1,1,0,0,0
"essay scor",1,0,0,1,0
"etext",1,1,0,0,0
"etextbook",1,0,1,0,0
"evalu",2,0,2,0,0
"evid",2,0,0,1,1
"evidence based competency model",1,0,0,0,1
"evolutionary clust",1,0,1,0,0
"evolutionary comput",2,0,1,1,0
"exceptional model min",1,0,0,1,0
"execution trac",1,0,1,0,0
"expectation-maxim",1,0,1,0,0
"experi",1,0,1,0,0
"expert knowledg",1,0,0,0,1
"expert skeleton concept map",1,0,1,0,0
"explanatory model",1,0,0,1,0
"exploration behavior",1,1,0,0,0
"exploration environ",1,0,0,0,1
"exploratory learning environ",1,0,0,1,0
"extreme learning machin",1,0,0,1,0
"eye-gaz",2,0,1,1,0
"eye-gaze data analysi",1,0,0,1,0
"eye-track",3,0,1,1,1
"eye gaz",2,1,1,0,0
"eye track",2,1,0,1,0
"facial express",1,0,1,0,0
"facial expression recognit",1,1,0,0,0
"factor analysi",3,1,1,0,1
"fair",1,0,0,0,1
"feature engin",3,1,1,0,1
"feature import",1,0,0,1,0
"feature select",5,1,1,2,1
"features engin",1,0,0,0,1
"feedback",3,0,3,0,0
"feedback gener",1,0,0,1,0
"feedback val",1,0,1,0,0
"fidel",1,0,1,0,0
"film comprehens",1,0,1,0,0
"first-year challeng",1,1,0,0,0
"flipped learn",1,0,1,0,0
"forget",1,1,0,0,0
"forgetting curv",1,0,0,1,0
"formative feedback",1,0,1,0,0
"forum assess",1,0,0,1,0
"forum particip",2,0,0,1,1
"fraction",1,1,0,0,0
"frequently asked quest",1,0,0,1,0
"frustrat",3,2,1,0,0
"funtoot",1,0,0,1,0
"game",4,2,1,0,1
"game-based assess",1,0,0,0,1
"game-based featur",1,1,0,0,0
"game-based learn",7,0,3,2,2
"game based tutor",1,1,0,0,0
"gamif",2,0,1,0,1
"gaze track",1,0,0,1,0
"gender",1,0,0,0,1
"gender differ",1,0,0,1,0
"gender gap",1,0,1,0,0
"generaliz",3,0,1,0,2
"generative model",1,0,1,0,0
"genet",1,0,0,1,0
"genetic algorithm",3,0,0,2,1
"geogebra",1,0,0,0,1
"geometri",1,0,0,0,1
"global direction measur",1,0,0,1,0
"goal",1,1,0,0,0
"gom",1,0,0,1,0
"grade",1,0,0,1,0
"grade predict",2,0,0,0,2
"gradient tree boost",1,0,0,0,1
"grading schem",1,0,0,1,0
"graph-based method",1,0,0,0,1
"graph convolutional network",1,0,0,0,1
"graph data min",1,0,0,1,0
"graph theori",1,1,0,0,0
"group form",1,1,0,0,0
"group project",1,1,0,0,0
"growth mindset",1,0,0,1,0
"guidance for stud",1,0,0,1,0
"heatmap",1,0,1,0,0
"help-seek",2,0,0,1,1
"help seek",1,0,1,0,0
"heterogeneous learner popul",1,1,0,0,0
"heterogeneous rul",1,0,0,1,0
"heterogeneous treatment effect",2,0,0,2,0
"hidden markov model",2,0,1,0,1
"hierarchical bayesian model",1,0,1,0,0
"hierarchical clust",2,1,0,1,0
"hierarchical cluster analysi",1,0,1,0,0
"hierarchical linear model",1,0,1,0,0
"hierarchical structure model",1,0,0,0,1
"high-utility pattern",1,0,1,0,0
"high school gradu",1,0,0,0,1
"high school mooc",1,0,1,0,0
"higher educ",8,0,1,4,3
"higher order model",1,1,0,0,0
"hint",1,0,1,0,0
"homework",2,1,1,0,0
"human-machine hybrid algorithm",1,0,0,0,1
"human in the loop",1,0,0,0,1
"human tutor",2,0,1,1,0
"hybrid learning environ",1,0,0,0,1
"hybrid method",1,0,0,0,1
"hybrid multi-criteria approach",1,0,0,1,0
"hybrid neural network",1,0,0,0,1
"hypermedia",1,0,0,1,0
"ict",1,0,0,1,0
"identifi",1,0,0,1,0
"imbalanced class",1,0,0,1,0
"immersive virtual world",1,0,0,0,1
"implicit learn",2,0,1,1,0
"implicit science learn",1,0,1,0,0
"implicit social graph",1,1,0,0,0
"individu",2,0,0,1,1
"individual differ",3,2,0,0,1
"individual treatment effect",1,0,0,1,0
"individual treatment rul",1,0,0,1,0
"individualized bayesian knowledge trac",1,0,0,1,0
"individualized paramet",1,0,0,1,0
"inferred keyword",1,0,0,0,1
"informal educ",1,0,0,1,0
"informal logical fallaci",1,0,0,1,0
"informal reason",1,0,0,1,0
"information gain",1,1,0,0,0
"information seek",1,0,1,0,0
"information theori",1,1,0,0,0
"inquiri",2,0,0,2,0
"instructional planning support",1,1,0,0,0
"instructional strategi",1,0,1,0,0
"instructor",1,0,0,1,0
"instructor support",1,0,0,1,0
"instrument",1,0,0,0,1
"intelligent educational gam",1,1,0,0,0
"intelligent tutor",4,1,1,2,0
"intelligent tutoring system",28,8,9,7,4
"interact",2,1,0,1,0
"interaction analysi",1,1,0,0,0
"interaction dynam",1,0,1,0,0
"interaction network",2,0,1,1,0
"interactions in online learn",1,0,1,0,0
"interactive learning environ",2,0,0,0,2
"interactive machine learn",1,1,0,0,0
"interactive simul",2,0,0,2,0
"interactive tabletop",1,1,0,0,0
"interactive tabletops model",1,0,1,0,0
"interestingness measur",1,1,0,0,0
"interleav",1,1,0,0,0
"internet",1,0,0,1,0
"interpret",2,0,0,2,0
"intervention effect",1,0,0,1,0
"introductory program",1,0,0,1,0
"item difficulti",2,0,2,0,0
"item discrimin",1,0,1,0,0
"item response theori",6,2,2,0,2
"item response theory (irt)",1,0,1,0,0
"item similar",1,0,0,0,1
"jaccard coeffici",1,0,0,0,1
"job match",1,0,0,0,1
"judge system",1,0,1,0,0
"k-mean",1,1,0,0,0
"k-means clust",1,0,0,1,0
"k-mediod",1,0,0,0,1
"kankor",1,0,1,0,0
"kc model",2,1,0,0,1
"kc model improv",1,0,1,0,0
"keystrok",1,0,1,0,0
"keystroke log",1,0,0,0,1
"kml cluster analysi",1,0,0,0,1
"knowledge-based filt",1,0,0,0,1
"knowledge-based model",1,0,0,0,1
"knowledge bas",1,0,0,1,0
"knowledge compon",4,0,3,0,1
"knowledge component discoveri",1,1,0,0,0
"knowledge gap",1,0,0,1,0
"knowledge graph",2,0,1,0,1
"knowledge model",1,1,0,0,0
"knowledge represent",1,0,0,0,1
"knowledge retent",1,1,0,0,0
"knowledge space theori",1,0,0,1,0
"knowledge structur",1,0,1,0,0
"knowledge trac",20,9,3,2,6
"l-mmse estim",1,0,0,0,1
"language learn",1,0,0,0,1
"language model",1,0,0,1,0
"lasso",1,0,0,1,0
"latent dirichlet alloc",3,0,0,2,1
"latent factor",1,0,0,1,0
"latent factor model",1,0,0,1,0
"latent semantic analysis (lsa)",1,0,0,1,0
"latent top",1,0,0,0,1
"latent variable model",1,0,0,1,0
"lda",3,0,1,1,1
"learn",3,1,2,0,0
"learn from perform",1,1,0,0,0
"learner clust",1,0,0,1,0
"learner corpora",1,0,0,1,0
"learner gain predict",1,1,0,0,0
"learner model",5,1,1,1,2
"learning & develop",1,0,0,1,0
"learning activity analyt",1,0,0,0,1
"learning aid",1,0,0,0,1
"learning analyt",26,2,11,7,6
"learning behavior",2,1,0,0,1
"learning by do",1,0,0,1,0
"learning curv",3,1,2,0,0
"learning featur",1,0,0,0,1
"learning gain",2,0,0,2,0
"learning gam",1,0,0,1,0
"learning management system",6,1,4,1,0
"learning material correlation discoveri",1,0,0,1,0
"learning metr",1,0,0,0,1
"learning object",1,0,0,1,0
"learning object analysi",1,1,0,0,0
"learning outcom",2,1,0,1,0
"learning path analysi",1,0,1,0,0
"learning process",2,0,0,0,2
"learning sci",2,0,0,2,0
"learning skil",1,1,0,0,0
"learning strategi",2,0,1,1,0
"learning styl",1,1,0,0,0
"learning success",1,0,0,0,1
"learning theori",1,0,1,0,0
"lecture styl",1,0,0,1,0
"lecture view",1,0,0,1,0
"levenshtein algorithm",1,0,0,0,1
"lexical sophist",1,0,0,1,0
"lexico-semantic match",1,1,0,0,0
"life-wide learn",1,0,1,0,0
"lifelong learn",2,0,1,1,0
"limits to accuraci",1,1,0,0,0
"linear regress",2,1,0,1,0
"liveli",1,0,1,0,0
"liwc",2,1,1,0,0
"lms",1,0,1,0,0
"log",1,0,0,1,0
"log data",4,0,2,2,0
"log data analysi",1,0,0,0,1
"logic proof",1,1,0,0,0
"logistic regress",3,0,0,2,1
"long short-term memory network",1,0,0,1,0
"long short term memori",1,0,0,0,1
"long short term memory model",1,0,1,0,0
"lorenz curv",1,0,0,0,1
"los collaborative search",1,0,1,0,0
"lsa",2,0,0,2,0
"lsa similar",1,0,1,0,0
"lstm",4,0,1,2,1
"machine learn",17,2,2,8,5
"machine learning model",1,0,0,0,1
"machine teach",1,0,0,1,0
"major predict",1,0,1,0,0
"makerspac",1,0,0,0,1
"mandarin ton",1,0,0,0,1
"markov chain",5,0,1,2,2
"markov chain monte carlo",2,0,0,2,0
"markov model",1,0,1,0,0
"mask r-cnn",1,0,0,0,1
"massive open online cours",3,0,1,1,1
"massive open online courses (moocs)",1,0,0,1,0
"mastery learn",3,2,1,0,0
"math",3,0,0,3,0
"math abl",1,1,0,0,0
"math ident",2,0,0,1,1
"math learn",1,0,0,0,1
"math perform",1,1,0,0,0
"math problem solv",2,0,1,0,1
"mathemat",2,2,0,0,0
"mathematical express",1,0,0,1,0
"mathematics corpora",1,0,1,0,0
"mathematics educ",2,1,0,1,0
"mathia x",1,0,1,0,0
"matrix factor",2,1,0,0,1
"maximum likelihood",1,1,0,0,0
"maximum likelihood estim",1,1,0,0,0
"mcmc estim",1,0,0,1,0
"mcq gener",1,0,0,1,0
"mdp",1,0,1,0,0
"measur",2,0,0,1,1
"memori",1,0,0,0,1
"mental health data min",1,1,0,0,0
"mention embed",1,0,0,1,0
"mentor's not",1,0,0,0,1
"meta-analysi",2,0,0,2,0
"meta-learn",2,1,1,0,0
"meta-reason",1,1,0,0,0
"metacognit",1,0,0,1,0
"metaheuristic algorithm",1,0,0,0,1
"mind wand",5,1,2,2,0
"mining student behaviour and strategies, autograding system",1,0,1,0,0
"minority student retent",1,0,0,0,1
"misconception detect",1,0,0,1,0
"mixed-effects model",1,0,0,0,1
"mixed effect model",1,0,0,1,0
"mixed effects model",1,0,0,1,0
"mixed model",1,0,0,1,0
"mobile learn",2,0,0,0,2
"model",3,0,1,1,1
"model-based discoveri",1,1,0,0,0
"model adapt",1,0,0,1,0
"model comparison",1,0,1,0,0
"model degeneraci",1,1,0,0,0
"model interpret",1,0,0,1,0
"model select",1,1,0,0,0
"moder",1,1,0,0,0
"moment-by-moment learning graph",1,1,0,0,0
"monitor",1,1,0,0,0
"monitoring tool",1,0,0,0,1
"mooc",41,3,16,15,7
"mooc certif",1,0,0,1,0
"mooc discussion forum",1,0,0,0,1
"mooc(massive open online course)",1,0,0,1,0
"moocs forum",1,0,0,1,0
"moocs forum recommend",1,0,0,1,0
"moodl",5,3,1,0,1
"moodle block",1,1,0,0,0
"moral reason",1,0,0,1,0
"morf",2,0,0,1,1
"motion sens",1,0,0,0,1
"motiv",4,2,0,1,1
"motor skil",1,0,1,0,0
"mouse cursor track",1,0,0,0,1
"multi-label classif",1,0,0,1,0
"multi-level model",1,1,0,0,0
"multi-modal data analyt",1,0,1,0,0
"multi-modal learning analyt",2,0,0,1,1
"multi-source data merg",1,0,0,1,0
"multicompo-nent latent trait model",1,0,0,0,1
"multilevel bayesian model",1,1,0,0,0
"multimod",1,0,1,0,0
"multimodal analysi",1,0,1,0,0
"multimodal analyt",1,0,0,0,1
"multimodal learning analyt",4,1,1,0,2
"multiple-account ch",1,0,0,1,0
"multiple choic",1,0,1,0,0
"multiple represent",1,1,0,0,0
"multiple skil",1,0,1,0,0
"museum",1,0,1,0,0
"musical conson",1,1,0,0,0
"mutualism model",1,0,0,0,1
"n-gram model",1,0,0,1,0
"na„Øve bay",1,0,0,0,1
"naep",2,0,0,1,1
"national student clearinghous",1,0,0,0,1
"natural-language tutoring system",1,0,0,1,0
"natural language process",13,1,5,3,4
"natural language processing (nlp)",1,0,0,1,0
"natural language student input",1,1,0,0,0
"navig",1,0,1,0,0
"nested model comparison",1,0,0,1,0
"network act",1,0,0,1,0
"network dynam",1,0,0,1,0
"neural network",8,0,1,4,3
"next-term grade predict",2,0,0,1,1
"nlp",2,0,0,2,0
"nmf",1,0,1,0,0
"non-negative matrix factor",2,0,1,1,0
"non-routine mathemat",1,0,0,0,1
"noncompli",1,0,1,0,0
"novelty select",1,0,0,1,0
"nwfe classif",1,0,0,1,0
"object detect",1,0,0,0,1
"off-task behavior",2,1,1,0,0
"on-line learn",2,0,0,2,0
"on-line tutor",1,0,1,0,0
"one laptop per child",1,0,0,1,0
"online classif",1,0,0,0,1
"online cours",2,0,0,2,0
"online coursewar",1,0,0,1,0
"online discours",1,0,1,0,0
"online discuss",1,0,0,1,0
"online discussion forum",2,0,0,1,1
"online educ",7,0,3,3,1
"online homework intervent",1,0,1,0,0
"online instructional design",1,0,0,1,0
"online learn",5,1,1,2,1
"online learning modul",1,0,0,0,1
"online orientation cours",1,0,0,1,0
"online technolog",1,0,1,0,0
"online tutor",1,0,0,1,0
"online user behavior",1,1,0,0,0
"ontolog",1,0,0,1,0
"open-ended learning environ",1,0,0,0,1
"open-ended tutor",1,0,0,1,0
"open-vocabulari",1,0,0,0,1
"open educational resources (oer)",1,0,0,0,1
"open learning platform",1,0,0,1,0
"open online courses, nonlinear state space model",1,0,1,0,0
"open system",1,0,0,0,1
"open vocabulari",1,0,0,1,0
"optim",2,1,0,0,1
"optimal schedul",1,0,0,0,1
"optimal train",1,0,0,1,0
"ordinal regress",1,1,0,0,0
"page views student engag",1,0,1,0,0
"pagerank",1,0,0,1,0
"paper-based assess",1,0,0,1,0
"parameters standard error",1,0,0,1,0
"participant behavior",1,0,1,0,0
"partit",1,0,0,0,1
"partitioning around medoid",1,0,0,0,1
"pattern min",1,0,1,0,0
"pca",1,1,0,0,0
"pedagogi",2,1,0,0,1
"pedagogical ag",1,0,0,1,0
"peer-assess",1,0,1,0,0
"peer-learning environ",1,0,0,1,0
"peer-supported learn",1,0,0,1,0
"peer assess",2,0,0,0,2
"peer correct",1,0,0,0,1
"peer grad",2,0,0,0,2
"peer help",1,0,0,1,0
"peer match",1,0,0,1,0
"peer tutor",2,0,0,2,0
"perceptual flu",1,0,0,1,0
"perceptual knowledg",1,0,1,0,0
"perform",1,1,0,0,0
"performance factor analysi",2,0,0,2,0
"performance factors analysi",3,1,1,0,1
"performance feedback",1,0,1,0,0
"performance predict",3,0,1,2,0
"persist",3,0,2,1,0
"person",6,3,1,2,0
"personal data",1,0,1,0,0
"personal informat",1,0,1,0,0
"personalized educ",1,0,0,0,1
"personalized instruct",1,0,0,1,0
"personalized learn",7,2,0,4,1
"personalized learning path",1,0,0,0,1
"personalized linear multi-regression model",1,0,1,0,0
"personalized vocabulary learn",1,0,0,1,0
"pfa",1,0,0,1,0
"physical and virtual represent",1,0,1,0,0
"physical synchroni",1,0,0,1,0
"physics educ",1,0,0,1,0
"physiological sens",1,0,0,0,1
"player engag",1,1,0,0,0
"poisson distribut",1,0,0,1,0
"polytomous irt",1,0,0,1,0
"pre- and post- test",1,0,0,1,0
"pre-knowledg",1,0,0,1,0
"predict",3,2,1,0,0
"predicting student perform",2,1,0,0,1
"predicting students perform",1,0,1,0,0
"prediction model",5,0,2,3,0
"predictive accuraci",1,1,0,0,0
"predictive analyt",1,0,0,0,1
"predictive model",3,0,0,2,1
"predictive student model",1,0,0,0,1
"preparation for future learn",1,1,0,0,0
"prerequisit",1,0,1,0,0
"prerequisite discoveri",2,0,1,1,0
"prerequisite structur",1,0,1,0,0
"prerequisite structure discoveri",1,0,0,1,0
"preservice teach",1,1,0,0,0
"prime",1,0,0,0,1
"principal component analysi",1,1,0,0,0
"principal stratif",2,0,2,0,0
"privaci",1,0,1,0,0
"probabilistic graphical model",1,1,0,0,0
"probabilistic longitudinal network analysi",1,0,0,1,0
"probabilistic mixture model",1,0,0,1,0
"probabilistic soft log",1,0,0,0,1
"problem-based writ",1,0,1,0,0
"problem diagram",1,0,1,0,0
"problem featur",1,0,1,0,0
"problem select",1,1,0,0,0
"problem solv",3,0,1,2,0
"process data",1,0,0,0,1
"process min",1,1,0,0,0
"procrastin",1,0,0,1,0
"production rul",1,0,0,0,1
"productive persist",1,0,0,0,1
"proficiency profil",1,0,1,0,0
"program",1,0,1,0,0
"program educational object",1,0,0,0,1
"programming behavior",1,1,0,0,0
"programming learn",1,0,0,0,1
"progress predict",1,0,1,0,0
"propensity score match",1,0,1,0,0
"proven",1,0,1,0,0
"pseudo-bayes factor",1,0,0,1,0
"psychometr",1,0,0,0,1
"python",1,0,0,0,1
"q-matrix",2,0,0,1,1
"quality improv",1,0,0,0,1
"quasi-experimental design",1,0,0,1,0
"question",1,0,0,1,0
"question categor",1,0,0,0,1
"question detect",1,0,1,0,0
"question similar",1,0,0,1,0
"question taxonomi",1,0,0,1,0
"quit predict",1,0,0,1,0
"race",1,0,0,0,1
"random forest",3,0,1,2,0
"random walk",1,0,0,0,1
"random walk analysi",1,1,0,0,0
"randomized controlled experi",2,0,0,2,0
"randomized controlled tri",3,0,2,1,0
"rapport",1,0,0,1,0
"rasch model",1,0,1,0,0
"read",2,1,0,1,0
"reading behavior",1,0,0,1,0
"reading commit",1,1,0,0,0
"real-world implement",1,0,1,0,0
"reason",1,0,0,1,0
"reciprocal recommender system",1,0,0,0,1
"recommend",2,0,1,1,0
"recommender system",5,0,1,1,3
"recurrent neural net",1,0,1,0,0
"recurrent neural network",5,0,2,0,3
"regress",5,2,2,0,1
"regression model",1,0,0,0,1
"regular",1,0,0,1,0
"regular express",2,0,0,1,1
"reinforcement learn",2,1,0,0,1
"relative peer grad",1,0,0,0,1
"replay",1,0,0,1,0
"replic",1,0,0,1,0
"representation learn",2,1,0,1,0
"residential cours",1,0,0,1,0
"resource model",1,1,0,0,0
"response tim",1,0,0,0,1
"retrieval practic",1,0,1,0,0
"review coverag",1,1,0,0,0
"review qu",1,1,0,0,0
"reviewing behavior",1,0,0,1,0
"revis",1,0,1,0,0
"ribe",1,0,1,0,0
"rkt",1,0,0,1,0
"rktsr",1,0,0,1,0
"rnn",2,0,0,2,0
"robust learn",3,1,2,0,0
"rubric",1,0,0,0,1
"rule min",1,1,0,0,0
"scaffold",1,0,0,1,0
"scalabl",1,0,0,0,1
"scalable analyt",1,0,1,0,0
"school level characterist",1,0,0,1,0
"scienc",1,0,0,0,1
"science educ",2,0,0,2,0
"science inquiri",1,1,0,0,0
"science learn",1,0,0,0,1
"science microworld",1,1,0,0,0
"science simul",1,1,0,0,0
"scientific-discovery gam",1,0,0,1,0
"scientific explan",1,0,0,1,0
"seating chart gener",1,1,0,0,0
"second languag",1,0,0,0,1
"selection bia",1,0,1,0,0
"self-attent",1,0,0,0,1
"self-evalu",1,1,0,0,0
"self-grad",1,0,1,0,0
"self-regul",3,1,0,0,2
"self-regulated learn",4,2,1,1,0
"self concept",1,0,0,0,1
"self regulated learn",1,0,0,0,1
"semantic analysi",2,0,1,0,1
"semantic complex",1,0,0,0,1
"semantic data min",1,0,1,0,0
"semantic model degeneraci",1,0,0,1,0
"semantic similar",2,0,0,2,0
"semi-markov chain",1,0,1,0,0
"semi-structured text analysi",1,0,0,0,1
"semi-supervised classif",1,0,0,1,0
"sensit",1,0,0,1,0
"sensor-fre",1,0,0,0,1
"sensor-free detector",1,0,0,1,0
"sensor data",1,1,0,0,0
"sentiment analysi",1,0,0,1,0
"sequence align",1,0,1,0,0
"sequence effect",1,0,0,1,0
"sequence min",4,2,2,0,0
"sequence model",1,0,0,1,0
"sequence of action model",1,1,0,0,0
"sequential clust",1,0,0,1,0
"sequential model",2,0,0,2,0
"sequential pattern analysi",1,1,0,0,0
"sequential pattern min",3,0,3,0,0
"sequential recommend",2,0,0,0,2
"serious gam",6,1,0,1,4
"serious game analyt",1,0,0,1,0
"shap feature import",1,0,0,0,1
"short-term memori",1,0,0,0,1
"short answ",1,0,1,0,0
"short answer grad",1,0,0,0,1
"short form develop",1,0,0,0,1
"short open-ended respons",1,0,0,1,0
"siamese neural network",1,0,0,0,1
"siena",1,0,0,1,0
"similarity detect",1,1,0,0,0
"similarity learning method",1,0,1,0,0
"similarity measur",1,0,0,0,1
"simul",1,1,0,0,0
"simulated ann",1,0,0,0,1
"simulation-based assess",2,0,1,1,0
"simulation of stud",1,0,1,0,0
"skill",1,0,0,1,0
"skill model",1,0,1,0,0
"skill relationship",1,0,1,0,0
"skill vs. student parameter",1,0,1,0,0
"skills dimension determin",1,0,0,0,1
"skills embed",1,0,0,0,1
"skip-gram",1,0,0,0,1
"slicing analysi",1,0,0,0,1
"sna",1,0,0,1,0
"social capit",1,1,0,0,0
"social deliberative skil",1,1,0,0,0
"social gam",1,1,0,0,0
"social learn",3,0,3,0,0
"social network",1,0,0,1,0
"social network analysi",2,0,0,1,1
"social skil",1,0,0,1,0
"social st",1,0,0,1,0
"socio-moral reasoning skil",1,0,0,0,1
"sorting program",1,0,1,0,0
"spacing effect",1,1,0,0,0
"sparse factor analysi",1,1,0,0,0
"sparse factor learn",1,0,0,0,1
"spatial ",1,1,0,0,0
"spatio-temporal trajectori",1,0,0,1,0
"specific learning difficulti",1,1,0,0,0
"spectral learn",1,1,0,0,0
"speech act",2,1,0,1,0
"speech act classifi",1,1,0,0,0
"spoc",2,0,0,1,1
"stack",2,0,1,0,1
"stacked sparse autoencod",1,0,0,1,0
"standardized test",2,1,0,1,0
"statist",2,1,1,0,0
"statistical model",1,0,0,0,1
"stealth assess",3,1,0,1,1
"stem",1,0,1,0,0
"stem car",1,0,0,0,1
"stem learn",2,0,1,1,0
"strategy us",1,0,0,1,0
"structure of argu",1,0,0,1,0
"structured event analysis of multiple streams (seams)",1,0,1,0,0
"student's perform",1,0,0,0,1
"student's quest",2,0,0,0,2
"student-driven learn",1,1,0,0,0
"student-model",1,0,0,1,0
"student-system interact",1,0,0,1,0
"student ",1,0,1,0,0
"student ability estim",1,0,0,0,1
"student affect",3,0,0,2,1
"student affect detect",1,0,0,0,1
"student assignment to cours",1,0,0,0,1
"student behavior",1,0,1,0,0
"student behaviour",1,0,0,0,1
"student characterist",1,0,0,1,0
"student clust",2,0,0,1,1
"student data",1,0,0,1,0
"student dropout predict",1,0,0,0,1
"student engag",1,0,0,0,1
"student enrol",1,0,0,1,0
"student enrollment mod",1,0,0,0,1
"student group",1,0,0,0,1
"student intervent",1,0,0,1,0
"student learn",1,0,1,0,0
"student model",27,8,5,8,6
"student models of practic",1,0,1,0,0
"student outcom",2,0,0,0,2
"student perform",2,0,2,0,0
"student performance predict",5,0,2,2,1
"student persist",1,0,1,0,0
"student plac",1,0,1,0,0
"student quest",1,0,0,1,0
"student response system",1,0,0,0,1
"student retent",2,0,1,1,0
"student satisfact",1,0,0,0,1
"student similar",1,0,1,0,0
"student st",1,0,0,0,1
"student success",3,0,0,3,0
"student success predict",1,0,0,1,0
"student trac",1,0,0,0,1
"student usage data",1,1,0,0,0
"students model",1,0,0,0,1
"students‚Äô behavior",1,0,0,1,0
"students‚Äô success",1,0,0,1,0
"study behavior analysi",1,0,0,1,0
"study habit",2,0,0,2,0
"study tim",1,0,0,1,0
"stylus",1,0,0,0,1
"sudent engag",1,0,0,1,0
"suggestion min",1,0,0,0,1
"summary grad",1,0,1,0,0
"supervised learn",4,2,0,1,1
"supervised machine learn",1,0,0,1,0
"support funct",1,0,0,0,1
"support vector machin",2,0,0,2,0
"supporting teach",1,0,0,1,0
"survey",1,0,0,0,1
"svn",1,1,0,0,0
"swarm intellig",1,0,1,0,0
"switching state space model",1,0,0,1,0
"system interaction log",1,0,0,1,0
"tabe",1,0,0,1,0
"tablet",1,0,1,0,0
"tabu search",1,0,0,0,1
"tame",1,0,0,1,0
"tasa",1,0,0,1,0
"teach",1,1,0,0,0
"teacher-facilitated feedback",1,0,1,0,0
"teaching analyt",1,0,0,1,0
"team form",1,0,0,0,1
"tempor",1,0,1,0,0
"temporal analysi",1,0,0,0,1
"temporal analyt",1,0,0,1,0
"temporal effect",1,0,0,1,0
"temporal ord",1,0,0,1,0
"tensor factor",2,0,1,0,1
"term frequency-inverse document frequ",1,0,0,1,0
"test reli",1,0,1,0,0
"testing effect",1,0,0,1,0
"text analysi",2,1,0,1,0
"text analyt",1,0,0,0,1
"text classif",3,0,0,2,1
"text complex",1,1,0,0,0
"text difficulti",1,0,0,1,0
"text min",8,0,1,6,1
"text segment",1,0,1,0,0
"text similar",1,0,1,0,0
"theoretical level",1,0,0,1,0
"theory driven data min",1,1,0,0,0
"thermal comfort",1,0,0,0,1
"time-dependent recommend",1,0,0,0,1
"time-series model",1,0,0,0,1
"time-vari",1,0,0,1,0
"time manag",1,0,0,1,0
"time seri",3,0,2,1,0
"time series analysi",1,0,0,1,0
"time series dist",1,0,0,0,1
"time taken",1,0,1,0,0
"topic discoveri",1,0,1,0,0
"topic identif",1,1,0,0,0
"topic model",9,1,2,5,1
"touch-screen devic",1,0,1,0,0
"trace analysi",1,0,0,0,1
"transcript",1,0,0,1,0
"transfer",1,0,1,0,0
"transfer learn",2,0,1,1,0
"transition network",1,0,0,1,0
"transitional prob",1,0,1,0,0
"treatment effect",1,0,0,1,0
"treatment effect estim",1,0,0,0,1
"tutor",1,0,0,0,1
"tutorial dialogu",2,1,1,0,0
"tutoring strategi",1,1,0,0,0
"tutoring system",3,1,1,0,1
"typical behavior",1,0,0,1,0
"undergraduate education graduation and retention r",1,0,0,0,1
"university h",1,0,0,1,0
"university information system",1,0,1,0,0
"unsupervis",1,0,1,0,0
"unsupervised machine learn",2,1,0,0,1
"usage min",1,1,0,0,0
"user-created cont",1,0,1,0,0
"user behavior",1,0,0,1,0
"user behavior analysi",1,0,1,0,0
"user clust",1,0,1,0,0
"user control",2,0,2,0,0
"user generated cont",1,1,0,0,0
"user model",6,4,1,0,1
"user studi",1,1,0,0,0
"valenc",1,0,0,0,1
"valid",2,1,0,0,1
"value of inform",1,0,1,0,0
"variable select",1,0,0,1,0
"variational auto-encod",1,0,0,1,0
"vector space model",1,0,0,0,1
"video-interact",1,0,0,1,0
"video ev",1,0,0,0,1
"video featur",1,0,0,0,1
"video learn",1,0,0,1,0
"video lectur",1,0,0,0,1
"video watching event trac",1,0,0,0,1
"virtual ag",1,0,1,0,0
"virtual internship",2,0,1,1,0
"visual",8,2,2,2,2
"visual analyt",3,1,0,1,1
"visual data analyt",1,0,1,0,0
"visual represent",2,0,2,0,0
"visualis",1,0,1,0,0
"vle",1,0,1,0,0
"vocabulary assess",1,0,0,1,0
"vocabulary learn",2,0,0,2,0
"vocabulary list",1,0,0,1,0
"warn",1,0,0,0,1
"web-based learn",1,0,1,0,0
"web resources; optimizing learn",1,0,1,0,0
"wheel-spin",2,0,1,0,1
"wheel spin",1,0,1,0,0
"wikipedia",1,0,0,1,0
"work-integrated learn",1,0,0,1,0
"write",3,1,2,0,0
"writing process",1,0,0,0,1
"writing qu",1,0,0,1,0
"writing style analysi",1,0,0,0,1
"x-means clust",1,0,0,1,0
"xgboost",1,0,0,0,1
"zone of proximal develop",2,0,0,1,1
