"Author","Degree_13_20","Degree_13_14","Degree_15_16","Degree_17_18","Degree_19_20"
"Öberg__G.",6,NA,NA,6,NA
"Ševarac__Z.",6,NA,6,NA,NA
"Šourek__G.",2,NA,NA,NA,2
"Železný__F.",2,NA,NA,NA,2
"Aalbers__B.",1,NA,NA,NA,1
"Abdalla__A.",5,5,NA,NA,NA
"Abdi__S.",3,NA,NA,NA,3
"Abdiprano__A.",6,NA,NA,6,NA
"Absar__R.",4,4,3,NA,NA
"Abu-El-Haija__S.",3,3,NA,NA,NA
"Addison__K.L.",5,NA,5,NA,NA
"Adjei__S.",3,NA,3,NA,NA
"Adjei__S.A.",2,NA,2,2,NA
"Admiraal__W.",7,NA,NA,7,NA
"Aghababyan__A.",9,7,NA,2,NA
"Agnihotri__L.",4,NA,3,2,NA
"Agrawal__S.",1,NA,NA,NA,1
"Aguerrebere__C.",8,NA,NA,8,NA
"Aguiar__E.",10,4,9,NA,NA
"Aguilar__S.",4,4,NA,NA,NA
"Aguilar__S.J.",10,NA,9,NA,1
"Aguirre__C.",4,NA,NA,NA,4
"Ahmadi__Z.",2,NA,NA,NA,2
"Ahn__J.",0,0,NA,NA,NA
"Aitken__A.",5,NA,NA,5,NA
"Akçapinar__G.",4,NA,NA,NA,4
"Akintunde__R.O.",6,NA,NA,NA,6
"Alabi__H.",1,NA,NA,1,NA
"Alavi__H.S.",3,NA,3,NA,NA
"Albert__D.",4,NA,NA,4,NA
"Alberto__R.",4,NA,NA,NA,4
"Aleven__V.",11,NA,NA,11,NA
"Alex_Ambrose__G.",5,NA,NA,NA,5
"Alexander",5,NA,NA,NA,5
"Alexander__S.",5,5,NA,NA,NA
"Alexandron__G.",3,NA,NA,NA,3
"Alhadad__S.S.J.",4,NA,NA,4,NA
"Aljohani__N.R.",7,NA,7,NA,NA
"Allard__T.",3,NA,NA,3,NA
"Allen__G.",3,NA,3,NA,NA
"Allen__L.",6,NA,5,4,NA
"Allen__L.K.",12,NA,8,5,3
"Allsopp__B.B.",6,NA,NA,6,NA
"Almeda__Ma.V.",8,4,NA,4,NA
"Alonso__G.E.",7,NA,NA,NA,7
"Alterman__R.",1,1,NA,NA,NA
"Alvarez__C.P.",2,NA,NA,NA,2
"Alyuz__N.",6,NA,NA,6,NA
"Ambrose__G.A.",11,4,10,NA,NA
"Ambrosino__F.",9,NA,NA,NA,9
"Amon__M.J.",4,NA,NA,NA,4
"Amsaleg__L.",4,NA,4,NA,NA
"Anagnostou__I.",2,NA,NA,NA,2
"Anderson__T.",2,NA,NA,2,NA
"Andrade-Pacheco__R.",3,NA,3,NA,NA
"Andrade__A.",4,NA,NA,0,4
"Andres__J.M.A.L.",10,NA,NA,NA,10
"Andres__J.M.L.",5,NA,NA,5,NA
"Anggara__T.",5,NA,NA,NA,5
"Ansari__M.",1,1,NA,NA,NA
"Aoshima__T.",2,NA,NA,NA,2
"Arbanowski__S.",2,NA,NA,NA,2
"Arcuria__P.",2,NA,NA,NA,2
"Arnold__K.E.",12,7,1,4,NA
"Arora__P.",3,NA,NA,NA,3
"Asano__Y.",2,NA,NA,NA,2
"Asbell-Clarke__J.",5,NA,5,NA,NA
"Asensio-Pérez__J.I.",4,NA,NA,4,NA
"Asif__R.",2,NA,2,NA,NA
"Aslan__S.",6,NA,NA,6,NA
"Atapattu__T.",1,NA,NA,1,NA
"Auer__S.",2,NA,2,NA,NA
"Avena__J.",4,NA,NA,NA,4
"Avila__C.",3,NA,NA,3,NA
"Avramides__K.",4,NA,4,NA,NA
"Awasthi__P.",1,NA,1,NA,NA
"Axisa__C.",6,NA,NA,6,NA
"Azcona__D.",3,NA,NA,NA,3
"Azevedo__R.",12,NA,NA,12,NA
"Börner__D.",5,NA,NA,5,NA
"Baars__M.",2,NA,NA,NA,2
"Babik__D.",2,NA,NA,NA,2
"Baek__C.",1,NA,NA,NA,1
"Baer__L.L.",3,3,NA,NA,NA
"Baesens__B.",3,NA,NA,3,NA
"Bagheri__M.",3,NA,NA,3,NA
"Bailey__J.",11,NA,4,NA,7
"Bailly__A.",4,NA,4,NA,NA
"Baker__R.",15,NA,5,8,2
"Baker__R.S.",45,4,17,14,14
"Baker__R.S.J.D.",10,10,NA,NA,NA
"Baker__S.",7,7,NA,NA,NA
"Bakharia__A.",28,NA,19,7,4
"Bakker__A.",4,NA,NA,NA,4
"Balacheff__N.",1,1,NA,NA,NA
"Baldiris__S.",3,NA,NA,3,NA
"Baltes__J.",4,NA,NA,4,NA
"Banks__J.",11,NA,11,NA,NA
"Bannert__M.",4,NA,NA,4,NA
"Barbosa__G.",6,NA,NA,NA,6
"Barmaki__R.",1,NA,1,NA,NA
"Barnes__T.",14,NA,8,NA,6
"Baron__J.D.",4,4,NA,NA,NA
"Barreiros__C.",6,NA,NA,6,NA
"Bass__R.",5,NA,5,NA,NA
"Basu__S.",5,NA,NA,5,NA
"Beal__C.R.",3,NA,NA,NA,3
"Beck__J.",3,NA,3,NA,NA
"Beck__J.B.",2,NA,2,NA,NA
"Beheshitha__S.S.",4,NA,4,NA,NA
"Behrens__J.T.",5,5,NA,NA,NA
"Bektik__D.",5,NA,5,NA,NA
"Belacel__N.",4,NA,NA,4,NA
"Bell__E.R.",3,NA,3,NA,NA
"Belonogoff__M.",5,NA,NA,5,NA
"Benedetto__L.",3,NA,NA,NA,3
"Benjamin_Shapiro__R.",2,2,NA,NA,NA
"Benkhelif__T.",3,NA,NA,3,NA
"Bennett__C.",9,NA,NA,9,NA
"Berg__A.",16,NA,10,4,3
"Bergner__Y.",9,NA,7,2,NA
"Berland__M.",2,NA,NA,2,NA
"Berman__S.R.",5,NA,NA,5,NA
"Bhanpuri__N.",5,NA,5,NA,NA
"Bhat__S.",3,NA,NA,NA,3
"Bibi__A.",3,NA,NA,NA,3
"Bienkowski__M.",9,NA,5,5,NA
"Bier__N.L.",3,NA,3,NA,NA
"Billard__L.",2,NA,2,NA,NA
"Bioglio__L.",1,NA,NA,1,NA
"Birol__G.",6,NA,NA,6,NA
"Bishop__M.J.",2,2,NA,NA,NA
"Biswas__G.",13,2,NA,NA,11
"Blaine__E.",6,NA,NA,6,NA
"Blanchard__N.",5,NA,NA,5,NA
"Blanke__T.",3,NA,NA,3,NA
"Blikstein__P.",3,1,3,NA,NA
"Bodily__R.",6,NA,NA,6,NA
"Boer__D.",2,NA,NA,NA,2
"Bogarín__A.",3,3,NA,NA,NA
"Bogdanova__D.",5,NA,NA,NA,5
"Bohuslavek__M.",3,NA,NA,3,NA
"Bondu__A.",2,NA,2,NA,NA
"Bono__M.",6,6,NA,NA,NA
"Bontempi__G.",4,NA,NA,NA,4
"Booth__S.",3,NA,3,NA,NA
"Bore__N.",4,NA,NA,4,NA
"Boroowa__A.",12,NA,9,5,NA
"Boroujeni__M.S.",9,NA,7,3,NA
"Bos__N.",1,NA,1,NA,NA
"Bosch__N.",11,NA,NA,NA,11
"Boscolo__C.",3,NA,3,NA,NA
"Bote-Lorenzo__M.L.",1,NA,NA,1,NA
"Botelho__A.F.",6,NA,2,2,5
"Bouadi__T.",3,NA,NA,3,NA
"Bouchet__F.",3,NA,NA,3,3
"Bouhineau__D.",3,NA,3,NA,NA
"Boullé__M.",2,NA,2,NA,NA
"Bouslimani__Y.",4,NA,NA,4,NA
"Bowe__M.",8,NA,NA,8,NA
"Bowers__A.",4,NA,NA,4,NA
"Bowers__A.J.",3,NA,3,NA,NA
"Boyer__A.",6,NA,6,NA,NA
"Boyer__K.E.",5,NA,5,NA,NA
"Bracco__G.",9,NA,NA,NA,9
"Bradbury__A.E.",5,NA,NA,5,NA
"Bradford__A.",3,NA,NA,NA,3
"Bransen__L.",1,NA,NA,NA,1
"Braun__S.",3,3,NA,NA,NA
"Brennan__A.",2,NA,NA,2,NA
"Briggs__C.",3,NA,NA,NA,3
"Brinkhuis__M.J.S.",4,NA,NA,NA,4
"Brockman__J.",4,4,NA,NA,NA
"Brodnick__R.",3,3,NA,NA,NA
"Brohinsky__J.",3,NA,NA,NA,3
"Brooks__C.",24,1,4,9,15
"Brooks__C.A.",3,2,2,NA,NA
"Broos__T.",4,NA,NA,4,NA
"Brown__M.G.",7,NA,6,3,NA
"Brown__T.",4,4,NA,NA,NA
"Brunskill__E.",1,NA,NA,NA,1
"Brusman__L.",4,NA,NA,NA,4
"Bruza__P.",11,NA,11,NA,NA
"Bryan__A.",2,NA,2,NA,NA
"Bryant__M.",6,NA,NA,NA,6
"Buckingham_Shum__S.",18,18,NA,NA,NA
"Budhathoki__K.",2,NA,NA,NA,2
"Bull__S.",9,4,6,NA,NA
"Bumbalough__M.",6,NA,NA,6,NA
"Burns__S.",4,NA,NA,4,NA
"Bushway__D.",1,1,NA,NA,NA
"Butail__S.",4,NA,NA,NA,4
"Cabot__V.",3,NA,NA,NA,3
"Caelen__O.",4,NA,NA,NA,4
"Calvo__R.A.",5,3,2,NA,NA
"Camelo__R.",6,NA,NA,NA,6
"Camilleri__V.",3,3,NA,NA,NA
"Campbell__A.",6,NA,NA,6,NA
"Campen__C.K.-V.",1,NA,1,NA,NA
"Cappelli__A.",3,NA,NA,NA,3
"Carlos_Núñez__J.",3,3,NA,NA,NA
"Carlsson__N.",3,NA,NA,NA,3
"Carnell__S.",3,NA,NA,NA,3
"Carvalho__P.",2,NA,NA,NA,2
"Carvalho__P.F.",1,NA,NA,NA,1
"Casanova__M.A.",6,3,NA,NA,4
"Casas__A.P.",7,NA,NA,NA,7
"Castells__J.",5,NA,NA,5,NA
"Cater__E.",2,NA,NA,NA,2
"Catete__V.",5,NA,NA,NA,5
"Cattuto__C.",4,NA,4,NA,NA
"Cavalcanti__A.P.",10,NA,NA,NA,10
"Cechák__J.",2,NA,NA,NA,2
"Cechinel__C.",7,NA,NA,NA,7
"Celis__S.",4,NA,NA,NA,4
"Cemgil__A.T.",1,NA,NA,NA,1
"Cerezo__R.",5,5,NA,NA,NA
"Chang__K.-M.",3,3,NA,NA,NA
"Chang__W.-C.",2,2,NA,NA,NA
"Chapel__L.",4,NA,4,NA,NA
"Chapman__J.",3,NA,3,NA,NA
"Chapman__S.",4,NA,4,NA,NA
"Charleer__S.",19,NA,15,4,NA
"Charles__C.",3,3,NA,NA,NA
"Chatti__M.A.",5,4,3,NA,NA
"Chaturvedi__S.",3,NA,NA,NA,3
"Chauhan__P.",6,NA,NA,6,NA
"Chavan__P.",1,NA,NA,NA,1
"Chavez__O.",3,NA,3,NA,NA
"Chawla__N.V.",10,4,4,NA,5
"Chen__B.",14,1,5,3,5
"Chen__G.",19,NA,3,8,8
"Chen__L.",1,NA,NA,1,NA
"Chen__M.-R.A.",5,NA,NA,NA,5
"Chen__W.",15,NA,8,8,NA
"Chen__X.",2,NA,2,NA,NA
"Chen__Y.",5,NA,3,2,NA
"Cheng__B.H.",3,NA,3,NA,NA
"Cheng__Y.",10,NA,NA,NA,10
"Cheong__C.W.L.",3,NA,NA,3,NA
"Chetlur__M.",6,NA,6,NA,NA
"Chiera__B.",2,2,NA,NA,NA
"Chiluiza__K.",7,2,NA,5,NA
"Ching__C.C.",2,NA,2,NA,NA
"Chinis__G.",4,4,NA,NA,NA
"Chiu__M.M.",4,1,1,2,NA
"Cho__Y.-S.",5,NA,NA,5,NA
"Choi__H.",9,NA,NA,2,8
"Chorianopoulos__K.",4,4,NA,NA,NA
"Chounta__I.-A.",3,NA,2,NA,1
"Chow__B.W.-Y.",2,NA,NA,2,NA
"Chu__S.",4,NA,4,NA,NA
"Chu__S.K.W.",6,NA,3,4,NA
"Chua__Y.H.V.",2,NA,NA,NA,2
"Chun-Wei_Lin__J.",2,NA,NA,NA,2
"Cicchinelli__A.",6,NA,NA,6,NA
"Clérot__F.",3,NA,NA,3,NA
"Clayphan__A.",5,NA,5,NA,NA
"Clow__D.",11,5,4,5,NA
"Cobo__C.",3,NA,NA,3,NA
"Coffrin__C.",3,3,3,NA,NA
"Colavincenzo__A.",9,NA,NA,NA,9
"Collins-Thompson__K.",2,NA,NA,2,NA
"Colvin__C.",7,2,3,5,NA
"Colvin__K.",2,NA,2,NA,NA
"Conati__C.",5,NA,NA,5,NA
"Cooper__A.",14,NA,11,4,NA
"Cooper__K.",1,NA,NA,1,NA
"Cooper__M.",2,NA,2,NA,NA
"Coopey__E.",2,2,NA,NA,NA
"Cornuéjols__A.",2,NA,2,NA,NA
"Corrin__L.",14,3,11,6,NA
"Corwin__K.",1,NA,NA,1,NA
"Cote__M.",3,NA,NA,3,NA
"Cotos__E.",2,NA,NA,NA,2
"Cremonesi__P.",3,NA,NA,NA,3
"Cross__S.",13,NA,12,3,NA
"Crossley__S.",16,NA,15,2,NA
"Crossley__S.A.",5,NA,NA,5,NA
"Cuadros__J.",2,NA,2,NA,NA
"Cubillé__J.",3,NA,3,NA,NA
"Cui__Y.",3,NA,2,2,1
"Cukurova__M.",12,NA,4,7,3
"Cuypers__H.",4,4,NA,NA,NA
"d'Aquin__M.",4,4,NA,NA,NA
"D'Aquin__M.",6,1,5,NA,NA
"D'mello__S.",5,NA,5,NA,NA
"D'Mello__S.K.",24,NA,6,9,9
"D’Mello__S.K.",4,NA,NA,4,NA
"Díaz__P.",7,NA,NA,NA,7
"Damelin__D.",8,NA,8,NA,NA
"Danahy__E.",2,2,NA,NA,NA
"Dascalu__M.",7,NA,7,NA,NA
"Dauwels__J.",2,NA,NA,NA,2
"Dauxais__Y.",1,NA,NA,NA,1
"David__Y.B.",2,NA,2,NA,NA
"Davies__R.",3,NA,3,NA,NA
"Davis__C.-S.",4,4,NA,NA,NA
"Davis__D.",20,NA,NA,20,NA
"Davis__J.",1,NA,NA,NA,1
"Davis__S.K.",3,NA,NA,3,NA
"Dawson__S.",51,9,34,20,10
"Dawsony__S.",11,NA,11,NA,NA
"De_Barba__P.",9,3,9,NA,NA
"De_Barba__P.G.",2,NA,NA,2,NA
"De_Croon__R.",4,NA,NA,NA,4
"De_Freitas__S.",3,3,NA,NA,NA
"De_Kereki__I.F.",5,NA,5,NA,NA
"De_Kraker__J.",4,NA,NA,4,NA
"De_Laat__M.",10,10,NA,NA,NA
"De_Laet__T.",10,NA,NA,7,4
"De_Liddo__A.",10,9,5,NA,NA
"De_Mendonca__P.F.",3,NA,NA,3,NA
"De_Quincey__E.",3,NA,NA,NA,3
"De_Rosa__M.",9,NA,NA,NA,9
"De_Salve__A.",2,NA,NA,2,NA
"De_Stefani__J.",4,NA,NA,NA,4
"De_Weerdt__J.",8,NA,NA,3,5
"DeBoer__J.",1,1,NA,NA,NA
"Dede__C.",1,NA,NA,NA,1
"Deeva__G.",5,NA,NA,NA,5
"Demonbrun__R.M.",4,NA,4,2,NA
"Denaro__K.",4,NA,NA,4,NA
"Depaepe__F.",4,NA,NA,2,3
"Desmet__P.",3,NA,NA,NA,3
"Despujol__I.",10,NA,NA,NA,10
"Dessus__P.",3,NA,3,NA,NA
"Devedžić__V.",6,NA,6,NA,NA
"Dey__P.",6,NA,6,NA,NA
"Di_Mitri__D.",5,NA,NA,5,NA
"Diana__N.",5,NA,NA,5,NA
"Diefes-Dux__H.",2,NA,NA,2,NA
"Diego__A.",6,NA,NA,NA,6
"Dietze__S.",11,4,5,6,NA
"Dijkstra__R.",3,NA,NA,NA,3
"Dillenbourg__P.",20,2,11,7,2
"Dillon__J.",6,NA,6,NA,NA
"Dimitriadis__Y.",7,NA,NA,4,3
"Dimitrijević__S.",6,NA,6,NA,NA
"Dimopoulos__I.",2,2,NA,NA,NA
"Ding__M.",6,NA,NA,NA,6
"Ding__W.",3,NA,NA,3,NA
"Diniz__J.R.B.",5,NA,NA,NA,5
"Diriye__A.",4,NA,NA,4,NA
"Divakaran__A.",5,NA,5,NA,NA
"Do__C.-T.",3,NA,3,NA,NA
"Doberstein__D.",2,NA,NA,NA,2
"Dodge__B.",2,NA,2,NA,NA
"Dollinger__M.",1,NA,NA,1,NA
"Domínguez__F.",5,NA,NA,5,NA
"Donald__C.",3,NA,NA,NA,3
"Donnelly__P.J.",5,NA,NA,5,NA
"Dorey-Elias__T.",4,NA,NA,4,NA
"Doroudi__S.",1,NA,NA,NA,1
"Dorsey__C.",8,NA,8,NA,NA
"Dos_Santos__A.D.P.",4,NA,NA,4,NA
"Dos_Santos__H.L.",7,NA,NA,NA,7
"Dougall__A.L.",3,NA,NA,NA,3
"Dourado__R.A.",4,NA,NA,NA,4
"Douzal-Chouakria__A.",7,NA,7,NA,NA
"Dowell__N.",15,NA,6,3,8
"Drachsler__H.",39,9,23,13,4
"Duan__X.",5,NA,NA,NA,5
"Dubrawski__A.",1,NA,NA,1,NA
"Duckworth__A.L.",7,NA,NA,4,5
"Duff__A.",3,NA,NA,NA,3
"Duguépéroux__J.",3,NA,NA,3,NA
"Duin__A.H.",3,3,NA,NA,NA
"Duivesteijn__W.",4,NA,NA,NA,4
"Dupont__M.",1,NA,1,NA,NA
"Duran__N.D.",4,NA,NA,NA,4
"Durand__G.",4,NA,NA,4,NA
"Durić__D.",6,NA,6,NA,NA
"Duval__E.",18,7,15,NA,NA
"Dwyer__N.",1,1,NA,NA,NA
"Dyckhoff__A.L.",4,4,NA,NA,NA
"Eagan__B.",7,NA,NA,4,3
"Eagle__M.",11,NA,6,5,NA
"Eaglem__M.",3,NA,3,NA,NA
"Ebner__M.",4,3,3,NA,NA
"Echeverria__V.",8,NA,NA,8,NA
"Economides__A.A.",6,2,2,3,NA
"Edwards__R.L.",3,NA,NA,3,NA
"Edwards__T.",5,NA,5,NA,NA
"Effenberger__T.",2,NA,NA,NA,2
"Elbadrawy__A.",2,NA,2,NA,1
"Elen__J.",2,NA,NA,2,NA
"Elizabeth_Richey__J.",3,NA,NA,NA,3
"Ellis__R.A.",3,NA,3,NA,NA
"Elouazizi__N.",6,NA,NA,6,NA
"Epp__C.D.",0,NA,0,NA,NA
"Erfani__S.",5,NA,NA,NA,5
"Erickson__J.A.",4,NA,NA,NA,4
"Esme__A.A.",6,NA,NA,6,NA
"Essa__A.",11,5,3,6,NA
"Ez-Zaouia__M.",1,NA,NA,1,NA
"Ezen-Can__A.",5,NA,5,NA,NA
"Fabregat__R.",3,NA,NA,3,NA
"Facciotti__M.T.",7,NA,NA,NA,7
"Fadljevic__L.",4,NA,NA,NA,4
"Falcão__T.P.",5,NA,NA,NA,5
"Falcones__G.",5,NA,NA,5,NA
"Falkner__K.",1,NA,NA,1,NA
"Fan__Y.",3,NA,NA,3,NA
"Fancsali__S.E.",5,1,NA,5,NA
"Fanfarelli__J.R.",1,NA,1,NA,NA
"Farrington-Flint__L.",9,NA,9,NA,NA
"Farrow__E.",3,NA,NA,NA,3
"Fatt__S.J.",3,NA,3,NA,NA
"Faucon__L.",2,NA,NA,NA,2
"Faulkner__M.",4,NA,NA,NA,4
"Feild__J.",6,NA,NA,6,NA
"Feng__G.",1,NA,1,NA,NA
"Feng__M.",3,NA,3,NA,NA
"Ferguson__R.",42,18,22,8,2
"Ferreira__M.",5,NA,NA,NA,5
"Ferschke__O.",4,NA,4,NA,NA
"Feskens__R.",4,NA,NA,NA,4
"Fessant__F.",3,NA,NA,3,NA
"Fessl__A.",6,NA,NA,6,NA
"Fiacco__J.",2,NA,NA,NA,2
"Fiallos__A.",1,NA,NA,NA,1
"Field__D.",4,NA,4,NA,NA
"Fields__B.",2,NA,NA,2,NA
"Fikes__T.G.",2,NA,NA,NA,2
"Fincham__E.",5,NA,NA,NA,5
"Finzer__W.",8,NA,8,NA,NA
"Fiorini__S.",6,NA,NA,6,NA
"Fisher__A.",4,4,NA,NA,NA
"Fishman__B.",6,2,5,NA,NA
"Flanagan__B.",6,NA,NA,2,5
"Fleming__M.",5,NA,NA,5,NA
"Fogel__J.",4,NA,NA,4,NA
"Fornacciari__P.",5,NA,NA,5,NA
"Fortenbacher__A.",7,NA,NA,7,NA
"Fougt__S.S.",9,NA,NA,9,NA
"Fournier-Viger__P.",2,NA,NA,NA,2
"Frazee__J.P.",2,NA,2,NA,NA
"Freeman__J.D.",0,NA,0,NA,NA
"Freitas__F.",6,NA,NA,NA,6
"Fridman__I.",5,NA,NA,5,NA
"Fu__X.",4,NA,NA,4,NA
"Fudge__A.",9,NA,NA,NA,9
"Fuglik__V.",4,NA,NA,NA,4
"Fujita__N.",1,1,NA,NA,NA
"Funel__A.",9,NA,NA,NA,9
"Furukawa__M.",2,NA,NA,2,NA
"Göhnert__T.",8,7,1,NA,NA
"Gómez-Sánchez__E.",1,NA,NA,1,NA
"Gaševíc__D.",19,NA,19,NA,NA
"Gaševícy__D.",11,NA,11,NA,NA
"Gašević__D.",52,4,15,30,20
"Gaševic__D.",41,NA,11,NA,34
"Gadiraju__U.",1,NA,NA,1,NA
"Gago__D.",4,4,NA,NA,NA
"Gal__K.",7,NA,NA,NA,7
"Gal__T.",1,NA,NA,NA,1
"Gal__Y.",2,NA,2,NA,NA
"Gallicchio__C.",4,NA,4,NA,NA
"Galyardt__A.",5,NA,NA,5,NA
"Gamrat__C.",1,NA,1,NA,NA
"Gandhi__P.",3,NA,3,NA,NA
"Gao__J.",7,NA,NA,7,NA
"Gao__S.",5,5,NA,NA,NA
"Gardener__M.",7,NA,NA,4,5
"Gardner__J.",4,NA,NA,2,3
"Gasevic__D.",23,7,NA,7,9
"Gasteiger-Klicpera__B.",4,NA,NA,NA,4
"Gaussier__E.",2,NA,2,NA,NA
"Gautrais__C.",1,NA,NA,NA,1
"Gauvin__L.",4,NA,4,NA,NA
"Gebhardt__K.",3,NA,NA,3,NA
"Gehlbach__H.",4,NA,4,NA,NA
"Geller__S.A.",7,NA,NA,NA,7
"Gemmell__J.",4,NA,NA,4,NA
"Genc__U.",6,NA,NA,6,NA
"George__C.P.",3,NA,NA,NA,3
"Giacaman__N.",3,NA,NA,NA,3
"Giammattei__D.",9,NA,NA,NA,9
"Giannakos__M.",7,NA,NA,4,5
"Giannakos__M.N.",11,4,3,3,2
"Giannotti__F.",2,NA,NA,2,NA
"Gibberd__A.J.",1,NA,1,NA,NA
"Gibson__A.",11,2,1,10,NA
"Giesbers__B.",7,NA,NA,7,NA
"Gillet__D.",15,2,15,NA,NA
"Gillois__P.",3,NA,NA,3,3
"Ginn__J.",7,NA,NA,7,NA
"Ginon__B.",6,NA,6,NA,NA
"Gobert__J.D.",2,2,NA,NA,NA
"Godfrey__A.",4,NA,NA,NA,4
"Goggins__S.",2,2,1,NA,NA
"Goldsmith__R.",5,NA,5,NA,NA
"Gomez__M.",3,NA,NA,3,NA
"Gonda__D.",7,NA,NA,7,NA
"Gong__W.",2,NA,NA,2,NA
"Goodrich__V.",5,4,4,NA,NA
"Goutte__C.",4,NA,NA,4,NA
"Govaerts__S.",9,3,8,NA,NA
"Govindarajan__S.K.P.",2,NA,2,NA,NA
"Gowda__S.M.",3,3,NA,NA,NA
"Graesser__A.C.",6,NA,6,NA,NA
"Graf__S.",5,NA,NA,5,NA
"Grafsgaard__J.F.",3,NA,3,NA,NA
"Granda__R.",5,NA,NA,5,NA
"Grann__J.",1,1,NA,NA,NA
"Gravier__G.",4,NA,4,NA,NA
"Grawemeyer__B.",5,NA,5,NA,NA
"Gray__G.",2,NA,NA,2,NA
"Gray__P.",1,NA,NA,NA,1
"Greenberg__A.K.",2,2,NA,NA,NA
"Greenway__G.",3,NA,NA,3,NA
"Greer__J.",12,1,3,9,NA
"Greller__W.",1,NA,1,NA,NA
"Griffiths__D.",8,NA,NA,8,NA
"Grom__G.",4,NA,NA,4,NA
"Gromov__A.",5,NA,NA,NA,5
"Groot__P.",4,NA,4,NA,NA
"Gross__E.",3,NA,3,NA,NA
"Gross__M.",4,2,2,NA,NA
"Groth__D.",13,NA,NA,13,NA
"Grover__S.",9,NA,5,5,NA
"Gruzd__A.",4,4,3,NA,NA
"Gu__X.",2,NA,NA,2,NA
"Guamán__B.",5,NA,NA,5,NA
"Guarnieri__G.",9,NA,NA,NA,9
"Guidi__B.",5,NA,NA,5,NA
"Guidotti__R.",4,NA,NA,NA,4
"Guin__N.",3,NA,NA,3,NA
"Gunkel__M.",4,NA,NA,NA,4
"Gunnarsson__B.L.",1,1,NA,NA,NA
"Gutiérrez__F.",4,NA,NA,4,NA
"Guyet__T.",4,NA,4,NA,NA
"Gweon__G.",5,NA,NA,5,NA
"Gweon__G.-H.",8,NA,8,NA,NA
"Gyamfi__G.",3,NA,NA,NA,3
"Gyawali__B.",8,NA,NA,NA,8
"Héctor__J.P.-D.",3,NA,3,NA,NA
"Hadgraft__R.",6,NA,NA,NA,6
"Hadwin__A.F.",3,NA,NA,3,NA
"Hadzikadic__M.",4,NA,NA,NA,4
"Hagood__D.",2,NA,2,NA,NA
"Halatchliyski__I.",3,3,NA,NA,NA
"Halawa__S.",10,NA,NA,NA,10
"Halb__W.",3,3,NA,NA,NA
"Hallinen__N.R.",2,NA,NA,2,NA
"Hamid__T.",4,NA,NA,4,NA
"Han__A.",6,NA,NA,6,NA
"Han__F.",2,NA,2,NA,NA
"Hanna__B.E.",3,NA,NA,NA,3
"Hansen__J.D.",1,NA,1,NA,NA
"Hansen__L.K.",2,NA,NA,NA,2
"Hansen__S.",5,NA,NA,5,NA
"Hardy__C.",4,NA,4,NA,NA
"Harfield__T.D.",0,0,NA,NA,NA
"Harpstead__E.",3,NA,NA,NA,3
"Harrak__F.",3,NA,NA,3,3
"Harrer__A.",1,0,1,NA,NA
"Harrison__S.",3,NA,3,NA,NA
"Hashiba__S.",3,NA,3,NA,NA
"Hasselbring__T.",2,2,NA,NA,NA
"Hasselman__F.",2,NA,NA,2,NA
"Hassinen__M.",1,NA,NA,NA,1
"Hatala__M.",24,3,16,1,7
"Hattab__D.",4,NA,NA,NA,4
"Hauff__C.",8,NA,NA,6,2
"Hausknecht__S.N.",2,2,NA,NA,NA
"Hawksey__M.",5,5,NA,NA,NA
"Hawn__A.",0,NA,0,NA,NA
"Hawn__M.A.",6,NA,NA,6,NA
"Hayes__C.",6,NA,NA,6,NA
"Haythornthwaite__C.",4,4,3,0,NA
"He__J.",4,NA,4,NA,NA
"He__Y.",3,3,NA,NA,NA
"Healion__D.",3,NA,NA,3,NA
"Heck__A.",4,4,NA,NA,NA
"Hecking__T.",9,5,2,3,2
"Heffernan__C.",8,NA,2,6,NA
"Heffernan__N.",15,NA,5,10,NA
"Heffernan__N.T.",14,NA,11,2,5
"Heins__M.",4,NA,4,NA,NA
"Hemberg__E.",4,NA,NA,NA,4
"Hennis__T.",5,NA,NA,5,NA
"Heo__J.",5,NA,NA,NA,5
"Herder__E.",6,4,5,NA,NA
"Herder__T.",6,NA,NA,6,NA
"Hernández-Leo__D.",3,NA,NA,NA,3
"Hernandez-Leo__D.",7,NA,7,3,NA
"Herodotou__C.",12,NA,9,5,NA
"Herrmannova__D.",5,5,NA,NA,NA
"Hershkovitz__A.",3,NA,2,NA,1
"Heskes__T.",4,NA,4,NA,NA
"Hickey__D.",3,NA,3,NA,NA
"Hickey__D.T.",7,4,4,NA,NA
"Hicks__D.",7,NA,7,NA,NA
"Hilliger__I.",4,NA,NA,NA,4
"Hirnstein__M.",5,NA,NA,5,NA
"Hlosta__M.",13,5,4,8,NA
"Hmelo-Silver__C.E.",2,2,NA,NA,NA
"Hoel__T.",15,NA,8,8,NA
"Hoernle__N.",7,NA,NA,NA,7
"Hoffman__E.S.",2,NA,2,NA,NA
"Hoffmann__D.",3,NA,3,NA,NA
"Hollmén__J.",3,NA,NA,3,NA
"Holman__C.",11,2,5,NA,5
"Holmes__W.",5,NA,5,NA,NA
"Holstein__K.",5,NA,NA,5,NA
"Holzer__A.",7,2,7,NA,NA
"Hong__G.",4,NA,NA,4,NA
"Hong__H.",3,NA,3,NA,NA
"Hoppe__H.U.",10,7,2,3,NA
"Hoppe__U.",2,NA,NA,NA,2
"Horvers__A.",3,NA,NA,NA,3
"Hou__X.",10,NA,NA,10,NA
"Houben__G.-J.",6,NA,NA,6,NA
"Hsiao__I.-H.",9,NA,3,2,4
"Hu__Q.",1,NA,NA,NA,1
"Hu__X.",21,NA,10,10,4
"Hu__Y.",8,5,NA,NA,3
"Huang__P.-K.",2,NA,NA,2,NA
"Hubáček__O.",2,NA,NA,NA,2
"Hubbard__R.",2,NA,NA,2,NA
"Huggett__M.",4,4,NA,NA,NA
"Hughes__C.E.",1,NA,1,NA,NA
"Hulleman__C.",4,NA,4,NA,NA
"Hundhausen__C.D.",1,NA,NA,1,NA
"Hunter__J.",6,NA,NA,NA,6
"Huptych__M.",5,NA,NA,5,NA
"Huston__D.",5,5,NA,NA,NA
"Hutt__S.",7,NA,NA,4,5
"Hwang__T.",5,NA,NA,5,NA
"Igo__M.",7,NA,NA,NA,7
"Indulska__M.",4,NA,NA,NA,4
"Ip__J.",4,NA,4,NA,NA
"Iraj__H.",4,NA,NA,NA,4
"Isabel__F.-C.",5,NA,5,NA,NA
"Isaias__P.",4,NA,NA,NA,4
"Israel__J.",3,NA,NA,NA,3
"Järvelä__S.",7,NA,3,4,NA
"Jaakonmäki__R.",5,NA,NA,5,NA
"Jacovina__M.E.",8,NA,8,NA,NA
"Jain__B.J.",1,NA,1,NA,NA
"James__M.T.",3,NA,NA,NA,3
"James__P.",2,2,NA,NA,NA
"Jandciu__E.",6,NA,NA,6,NA
"Jang__E.E.",4,NA,NA,4,NA
"Janisiewicz__P.",7,7,NA,NA,NA
"Janowicz__K.",5,5,NA,NA,NA
"Jay__N.",1,1,NA,NA,NA
"Jayaprakash__S.M.",6,4,3,NA,NA
"Jeffery__N.",5,5,NA,NA,NA
"Jenner__M.",10,NA,NA,NA,10
"Jeremic__Z.",2,NA,NA,2,NA
"Jermann__P.",3,NA,3,NA,NA
"Jesús__M.",3,NA,3,NA,NA
"Jia__J.Z.",3,NA,3,NA,NA
"Jiang__W.",2,NA,NA,NA,2
"Jiang__Y.",10,NA,NA,NA,10
"Jiménez-Gómez__M.A.",3,NA,3,NA,NA
"Jin__W.Q.",2,NA,NA,2,NA
"Jivet__I.",13,NA,NA,13,NA
"Jo__I.-H.",3,3,NA,NA,NA
"Jo__Y.",4,NA,4,NA,NA
"Joh__A.",6,6,NA,NA,NA
"Joh__S.W.",2,NA,NA,2,NA
"Johanne__C.",5,NA,NA,5,NA
"Johnson__M.",5,3,3,NA,NA
"Johnson__M.D.",4,NA,4,NA,NA
"Johnston__J.",2,NA,2,NA,NA
"Johri__A.",2,NA,NA,2,NA
"Joksimovíc__S.",6,NA,6,NA,NA
"Joksimović__S.",23,NA,10,13,7
"Joksimovic__S.",12,6,7,NA,4
"Jonathan__C.",3,NA,3,NA,NA
"Jonnalagadda__N.",4,4,NA,NA,NA
"Jorn__L.",5,5,NA,NA,NA
"Jovanović__J.",19,NA,11,NA,9
"Jovanovic__J.",16,NA,8,3,9
"Ju__S.",5,NA,NA,NA,5
"Jung__Y.",1,NA,NA,NA,1
"Käser__T.",4,NA,2,2,NA
"Kaetzel__J.",3,NA,NA,NA,3
"Kaliff__S.",6,NA,NA,NA,6
"Kamentz__D.",4,NA,NA,4,NA
"Kandhai__D.",2,NA,NA,NA,2
"Kang__R.",2,NA,2,NA,NA
"Kanopka__K.",2,NA,NA,NA,2
"Karabenick__S.A.",4,NA,NA,NA,4
"Karapistoli__E.",2,NA,2,NA,NA
"Karcher__B.",3,NA,NA,3,NA
"Karger__D.",7,NA,NA,NA,7
"Karkalas__S.",2,NA,2,NA,NA
"Karumbaiah__S.",10,NA,NA,NA,10
"Karypis__G.",3,NA,2,NA,2
"Kataoka__Y.",1,NA,NA,NA,1
"Katerinopoulos__P.",5,NA,NA,5,NA
"Kaupp__J.",9,NA,NA,9,NA
"Kay__J.",15,NA,9,6,NA
"Kay__M.",4,NA,NA,NA,4
"Ke__X.",3,NA,3,NA,NA
"Kelley__T.A.",2,2,NA,NA,NA
"Kellogg__S.",3,NA,3,NA,NA
"Kelly__S.",5,NA,NA,5,NA
"Kennedy__G.",11,3,9,NA,2
"Kevan__J.M.",2,NA,2,NA,NA
"Khalil__M.",4,NA,NA,NA,4
"Khan__I.",1,NA,1,NA,NA
"Khosravi__H.",15,NA,NA,6,10
"Kia__F.S.",4,NA,NA,NA,4
"Kickmeier-Rust__M.",9,NA,4,5,NA
"Kidzinski__Ł.",3,NA,3,NA,NA
"Kim__B.",5,NA,NA,5,NA
"Kim__D.",2,2,NA,NA,NA
"Kim__Y.",4,NA,NA,NA,4
"Kimball__N.",8,NA,8,NA,NA
"Kinai__A.",4,NA,NA,4,NA
"Kingstone__A.",2,NA,NA,NA,2
"Kirschner__P.",7,7,NA,NA,NA
"Kirschner__P.A.",3,NA,3,NA,NA
"Kismihók__G.",14,NA,14,NA,NA
"Kitto__K.",41,2,26,14,5
"Kizilcec__R.F.",7,2,NA,5,NA
"Klamma__R.",4,1,3,NA,NA
"Klebanov__B.B.",8,NA,NA,NA,8
"Klemke__R.",4,NA,NA,NA,4
"Klerkx__J.",20,7,15,NA,NA
"Kliman__M.",4,NA,4,NA,NA
"Klingler__S.",2,NA,2,NA,NA
"Kloos__C.D.",4,2,2,NA,NA
"Knight__J.",4,NA,NA,NA,4
"Knight__S.",27,2,9,14,8
"Knoop-Van_Campen__C.A.N.",2,NA,NA,2,NA
"Knoop__H.",4,NA,4,NA,NA
"Ko__L.",4,NA,4,NA,NA
"Kobayashi__V.",3,NA,3,NA,NA
"Koch__D.",4,4,NA,NA,NA
"Koedinger__K.",6,NA,NA,4,2
"Koedinger__K.R.",5,NA,5,NA,NA
"Koester__B.P.",4,NA,NA,4,NA
"Koh__E.",5,NA,5,NA,NA
"Kohama__T.",2,NA,NA,2,NA
"Koile__K.",4,NA,4,NA,NA
"Kollom__K.",4,NA,NA,4,NA
"Kong__R.",2,NA,NA,NA,2
"Konomi__S.",4,NA,NA,4,NA
"Koops__J.",4,NA,NA,NA,4
"Kopeinik__S.",4,NA,NA,4,NA
"Kostyuk__V.",2,NA,NA,2,NA
"Koulocheri__E.",1,1,NA,NA,NA
"Kovanovíc__V.",6,NA,6,NA,NA
"Kovanović__V.",27,NA,10,10,12
"Kovanovic__V.",14,3,7,NA,6
"Kowald__D.",4,NA,NA,NA,4
"Kramer__S.",2,NA,NA,NA,2
"Krause__M.",4,NA,NA,4,NA
"Krauss__C.",2,NA,NA,NA,2
"Kreijns__K.",4,NA,NA,4,NA
"Krempl__G.",4,NA,0,NA,4
"Krumm__A.E.",3,NA,3,NA,NA
"Kumar__V.",4,NA,NA,4,NA
"Kuncheva__Z.",1,NA,NA,1,NA
"Kuo__C.-H.",2,2,NA,NA,NA
"Kuzilek__J.",9,5,4,NA,4
"Kwok__T.T.O.",7,NA,NA,7,NA
"Kyle__K.",1,NA,NA,1,NA
"Kyriacou__T.",3,NA,NA,NA,3
"Léger__S.",4,NA,NA,4,NA
"Labrum__M.J.",5,NA,5,NA,NA
"Labs__O.",2,NA,2,NA,NA
"Lafuente-Rego__B.",1,NA,1,NA,NA
"Lagacherie__M.",3,NA,3,NA,NA
"Lakkaraju__H.",5,NA,5,NA,NA
"Laks__H.",2,NA,2,NA,NA
"Lalwani__A.",1,NA,NA,NA,1
"Lambrix__P.",3,NA,NA,NA,3
"Landolfi__L.",3,NA,NA,NA,3
"Lang__C.",14,NA,NA,9,5
"Lang__D.",5,NA,NA,NA,5
"Lange__C.",2,NA,2,NA,NA
"Langie__G.",4,NA,NA,4,NA
"Lanski__A.",5,NA,NA,NA,5
"Larmuseau__C.",4,NA,NA,2,3
"Lau__C.",4,NA,NA,4,NA
"Lau__R.",7,NA,NA,7,NA
"Lauría__E.J.M.",6,4,3,NA,NA
"Lavoué__E.",1,NA,NA,1,NA
"Law__N.",7,NA,NA,4,3
"Lawrence__N.",3,NA,3,NA,NA
"LeÂ Borgne__Y.-A.",4,NA,NA,NA,4
"Lebis__A.",3,NA,NA,3,NA
"Lecailliez__L.",3,NA,NA,NA,3
"Lee__A.V.Y.",1,NA,NA,1,NA
"Lee__G.",5,NA,NA,5,NA
"Lee__H.-S.",8,NA,8,NA,NA
"Lee__J.",9,NA,NA,8,1
"Lee__R.",5,NA,NA,NA,5
"Leeman-Munk__S.P.",2,2,NA,NA,NA
"Lefevre__D.",4,NA,4,NA,NA
"Lefevre__M.",3,NA,NA,3,NA
"Legenstein__R.",3,NA,3,NA,NA
"Lei__C.-U.",12,NA,3,10,NA
"Lemahieu__W.",3,NA,NA,3,NA
"Leme__L.A.P.P.",3,3,NA,NA,NA
"Lentini__J.",8,NA,NA,NA,8
"Lester__J.C.",5,2,3,NA,NA
"Levick__A.",5,NA,5,NA,NA
"Levy__J.",2,2,NA,NA,NA
"Lewis__M.",4,NA,NA,4,NA
"Lewkow__N.",9,NA,3,8,NA
"Lex__E.",4,NA,NA,4,NA
"Ley__T.",9,NA,3,4,3
"Li__C.",2,NA,NA,NA,2
"Li__C.-T.",0,NA,NA,0,NA
"Li__F.",3,NA,NA,NA,3
"Li__H.",5,NA,NA,NA,5
"Li__W.",2,NA,NA,NA,2
"Li__X.",10,NA,NA,NA,10
"Liaqat__A.",1,NA,NA,1,NA
"Liceralde__V.R.T.",8,NA,NA,NA,8
"Likens__A.",3,NA,NA,3,NA
"Likens__A.D.",3,NA,NA,3,NA
"Lim__H.",5,NA,NA,NA,5
"Lim__L.",5,NA,NA,3,3
"Lim__L.-A.",5,NA,NA,NA,5
"Lin__Y.",4,NA,NA,NA,4
"Lin__Y.-L.",2,NA,2,NA,NA
"Lindstädt__S.",6,NA,NA,6,NA
"Lindstaedt__S.",3,NA,3,NA,NA
"Linn__M.C.",3,NA,NA,NA,3
"Lins__R.D.",5,NA,NA,NA,5
"Littlejohn__A.",4,NA,NA,4,NA
"Littleton__K.",2,2,1,NA,NA
"Littman__M.L.",2,NA,NA,NA,2
"Liu__D.Y.T.",3,NA,3,NA,NA
"Liu__G.",2,NA,NA,NA,2
"Liu__L.",4,NA,NA,NA,4
"Liu__M.",5,NA,NA,NA,5
"Liu__R.",8,NA,2,6,NA
"Liu__S.",2,2,NA,NA,NA
"Liu__T.",2,NA,NA,NA,2
"Liu__Y.",2,NA,NA,NA,2
"Liu__Y.-H.",5,NA,5,NA,NA
"Ljung__D.",2,NA,NA,NA,2
"Locker__L.",6,NA,NA,NA,6
"Lockwood__J.",8,NA,NA,NA,8
"Lockyer__L.",8,NA,8,NA,NA
"Lodge__J.",3,NA,NA,NA,3
"Lodge__J.M.",10,NA,NA,5,5
"Lok__B.",3,NA,NA,NA,3
"Long__Y.",2,NA,NA,2,NA
"Lonn__S.",15,8,9,NA,NA
"Lopes__G.R.",3,3,NA,NA,NA
"Lord__T.",8,NA,8,NA,NA
"Loretz__K.M.",2,2,NA,NA,NA
"Loukina__A.",8,NA,NA,NA,8
"Lu__X.",4,NA,NA,4,NA
"Lu__Y.",1,NA,NA,NA,1
"Lucinio__G.-S.",2,NA,2,NA,NA
"Luckin__R.",4,NA,4,NA,NA
"Luengo__V.",9,NA,3,6,3
"Lui__G.",4,NA,4,NA,NA
"Lui__M.",2,2,NA,NA,NA
"Lukarov__V.",4,4,NA,NA,NA
"Luna__J.M.",3,NA,3,NA,NA
"Lund__K.",1,1,NA,NA,NA
"Lupton__M.",13,NA,13,NA,NA
"Lynch__C.",6,NA,NA,NA,6
"Lynch__G.",19,5,14,NA,NA
"Lyons__K.",6,NA,NA,NA,6
"Lyons__L.",2,NA,2,NA,NA
"Méndez__G.",2,2,NA,NA,NA
"Mũoz-Merino__P.J.",2,2,NA,NA,NA
"Maby__S.",3,NA,3,NA,NA
"Macarini__L.A.",7,NA,NA,NA,7
"Macfadyen__L.",7,5,4,NA,NA
"Macfadyen__L.P.",13,NA,NA,13,NA
"Madhavan__K.",2,NA,NA,2,NA
"Madnani__N.",8,NA,NA,NA,8
"Magoulas__G.D.",4,NA,4,NA,NA
"Mahapatra__T.",3,NA,3,NA,NA
"Maitz__K.",4,NA,NA,NA,4
"Majumdar__R.",4,NA,NA,NA,4
"Makos__A.",1,NA,1,NA,NA
"Malekian__D.",2,NA,NA,NA,2
"Malinowski__S.",8,NA,8,NA,NA
"Mallet__D.",11,NA,11,NA,NA
"Manai__O.",2,NA,2,1,NA
"Manataki__A.",5,NA,5,NA,NA
"Manco__G.",1,NA,NA,1,NA
"Manderveld__J.",8,NA,8,NA,NA
"Mandran__N.",3,NA,3,NA,NA
"Mangaroska__K.",11,NA,NA,4,8
"Maniktala__M.",5,NA,NA,NA,5
"Manouselis__N.",4,4,NA,NA,NA
"Manrique__R.",4,NA,NA,NA,4
"Marbouti__F.",2,NA,NA,2,NA
"Marenzi__I.",5,NA,NA,5,NA
"Marie__S.",3,NA,3,NA,NA
"Marino__O.",4,NA,NA,NA,4
"Martínez-Maldonado__R.",7,NA,NA,7,NA
"Martínez-Monés__A.",4,NA,NA,4,NA
"Marteau__P.-F.",1,NA,1,NA,NA
"Martin__T.",7,7,NA,NA,NA
"Martinez-Maldonado__R.",36,NA,14,20,8
"Martori__F.",2,NA,2,NA,NA
"Maruya__K.",3,NA,3,NA,NA
"Matcha__W.",13,NA,NA,NA,13
"Mateu__M.",3,NA,NA,3,NA
"Matsuda__Y.",2,NA,2,NA,NA
"Matthew_DeMonbrun__R.",2,NA,NA,2,NA
"Mavrikis__M.",15,NA,13,NA,2
"Maya__R.",5,NA,NA,5,NA
"Mayles__K.",9,NA,9,NA,NA
"McAteer__S.",4,NA,NA,NA,4
"McCarthy__K.S.",3,NA,NA,3,NA
"McDaniel__R.",1,NA,1,NA,NA
"McDonagh-Smith__P.",3,3,NA,NA,NA
"McIntyre__S.",7,NA,NA,7,NA
"McKay__J.",3,NA,NA,3,NA
"Mckay__T.",7,4,3,NA,NA
"McKay__T.A.",4,NA,NA,4,NA
"McKenzie__G.",5,5,NA,NA,NA
"McLaren__B.M.",7,NA,NA,4,3
"Mclaughlin__E.A.",3,NA,3,NA,NA
"McNamara__C.",2,NA,NA,2,NA
"McNamara__D.",7,NA,5,6,NA
"Mcnamara__D.S.",8,NA,8,NA,NA
"McNamara__D.S.",13,NA,8,5,3
"Mcpherson__J.",3,NA,3,NA,NA
"Mcwilliams__M.",5,NA,5,NA,NA
"Meinel__C.",3,NA,3,NA,NA
"Mello__R.F.",18,NA,NA,NA,18
"Menchaca__M.P.",2,NA,2,NA,NA
"Mendhe__D.",3,NA,3,NA,NA
"Mendiburo__M.",2,2,NA,NA,NA
"Merceron__A.",9,0,4,3,2
"Mete__S.E.",6,NA,NA,6,NA
"Michail__C.",5,NA,NA,5,NA
"Michailidis__G.",3,NA,NA,NA,3
"Micheli__A.",4,NA,4,NA,NA
"Michelotti__N.",4,4,NA,NA,NA
"Michos__K.",3,NA,NA,NA,3
"Migliori__S.",9,NA,NA,NA,9
"Milford__T.M.",3,NA,NA,3,NA
"Milikić__N.",6,NA,6,NA,NA
"Millar__G.C.",5,NA,NA,5,NA
"Millecamp__M.",4,NA,NA,4,NA
"Miller__D.",5,NA,5,NA,NA
"Miller__W.L.",5,NA,5,NA,NA
"Milligan__S.",8,NA,6,4,NA
"Milligan__S.K.",0,NA,NA,0,NA
"Mills__C.",14,NA,5,5,5
"Miranda__C.",4,NA,NA,NA,4
"Miranda__P.",6,NA,NA,NA,6
"Mirriahi__N.",17,2,11,8,NA
"Mirzaei__K.",3,NA,NA,NA,3
"Misfeldt__M.",9,NA,NA,9,NA
"Mitra__R.",1,NA,NA,NA,1
"Mitri__D.D.",4,NA,NA,NA,4
"Mitrović__S.",3,NA,NA,3,NA
"Miyazaki__Y.",2,NA,2,NA,NA
"Mohapatra__B.",4,4,NA,NA,NA
"Mojarad__S.",5,NA,3,4,NA
"Mol__S.",3,NA,3,NA,NA
"Molenaar__I.",9,NA,2,4,3
"Molenar__I.",4,NA,NA,4,NA
"Molinaro__M.",11,NA,3,9,NA
"Monés__A.M.",6,NA,6,NA,NA
"Mongkhonvanit__K.",2,NA,NA,NA,2
"Monreale__A.",4,NA,NA,NA,4
"Monroy__C.",3,2,3,NA,NA
"Montana__G.",1,NA,NA,1,NA
"Montebello__M.",3,3,NA,NA,NA
"Moody__E.W.",4,4,NA,NA,NA
"Moore__A.",10,NA,NA,NA,10
"Moore__J.",7,NA,4,NA,3
"Mor__D.",2,NA,2,NA,NA
"Mordonini__M.",5,NA,NA,5,NA
"Moreno-Marcos__P.M.",4,NA,NA,4,NA
"Morgan__W.",2,NA,NA,NA,2
"Mori__P.",2,NA,NA,2,NA
"Morsy__S.",1,NA,NA,NA,1
"Mostafavi__B.",2,NA,2,NA,NA
"Mostow__J.",3,3,NA,NA,NA
"Mostowfi__M.",2,NA,NA,NA,2
"Motz__B.",6,NA,NA,NA,6
"Mouri__K.",8,7,2,2,NA
"Moysiadis__G.",2,NA,NA,NA,2
"Muñoz-Merino__P.J.",3,NA,NA,3,NA
"Muñoz-Merinoa__P.J.",2,NA,2,NA,NA
"Mubangizi__M.",3,NA,3,NA,NA
"Mudrick__N.V.",5,NA,NA,5,NA
"Mulder__R.",8,NA,8,NA,NA
"Munguia__P.",3,NA,NA,3,NA
"Munk__J.",3,3,NA,NA,NA
"Munshi__A.",11,NA,NA,NA,11
"Munteanu__C.",1,NA,NA,1,NA
"Murdock__W.__III",4,NA,NA,4,NA
"Murphy__H.",2,NA,NA,2,NA
"Murray__A.",6,NA,NA,NA,6
"Musial__K.",5,NA,NA,NA,5
"Muslim__A.",5,4,3,NA,NA
"Mutahi__J.",4,NA,NA,4,NA
"Nacu__D.",4,NA,NA,4,NA
"Nakagawa__K.",2,NA,NA,NA,2
"Nam__S.",5,5,NA,NA,NA
"Nanni__M.",2,NA,NA,2,NA
"Nascimento__A.",6,NA,NA,NA,6
"Natilli__M.",3,NA,NA,NA,3
"Nawaz__S.",5,NA,NA,NA,5
"Nayak__P.",2,NA,2,NA,NA
"Naydenova__G.",5,NA,NA,5,NA
"NeCamp__T.",2,NA,NA,NA,2
"Nelson__J.D.B.",1,NA,1,NA,NA
"Netteland__G.",5,NA,NA,5,NA
"Neumann__S.",2,NA,NA,NA,2
"Ng__J.",4,NA,NA,4,NA
"Ng__T.-D.J.",3,NA,3,NA,NA
"Nguyen__H.",3,NA,NA,NA,3
"Nguyen__Q.",4,NA,NA,4,0
"Niaki__S.A.",3,NA,NA,NA,3
"Niemann__K.",8,8,0,NA,NA
"Niemeijer__K.",4,NA,NA,NA,4
"Nikolov__A.",3,3,NA,NA,NA
"Norizuki__K.",2,NA,2,NA,NA
"Norris__D.",3,3,NA,NA,NA
"Nouri__J.",1,NA,NA,NA,1
"Nsolo__E.",2,NA,NA,NA,2
"Nunes__B.P.",6,3,NA,NA,4
"Nurmikko-Fuller__T.",4,NA,NA,NA,4
"Nwanganga__F.",4,NA,4,NA,NA
"Nyland__R.",3,NA,3,NA,NA
"Nyrnberg__D.E.",2,NA,NA,NA,2
"Nystrand__M.",5,NA,NA,5,NA
"O'Reilly__U.-M.",4,NA,NA,NA,4
"Ocheja__P.",2,NA,NA,2,NA
"Ochiai__H.",6,6,NA,NA,NA
"Ochoa__X.",45,6,14,15,14
"Ocumpaugh__J.",16,NA,NA,6,11
"Ocumpaugh__J.L.",3,NA,3,NA,NA
"Ogata__H.",38,7,9,24,5
"Oh__E.",7,NA,NA,7,NA
"Oi__M.",4,NA,NA,4,NA
"Okada__M.",1,1,NA,NA,NA
"Oktay__E.",6,NA,NA,6,NA
"Okubo__F.",7,NA,NA,7,NA
"Okur__E.",6,NA,NA,6,NA
"Olivares__D.M.",1,NA,NA,1,NA
"Oliver__C.W.",6,NA,NA,NA,6
"Olneck__M.R.",0,NA,0,NA,NA
"Olney__A.M.",9,NA,NA,9,NA
"Olney__T.",9,NA,9,NA,NA
"Olsen__C.W.",5,5,NA,NA,NA
"Olsen__J.",7,7,NA,NA,NA
"Olsen__J.K.",5,NA,NA,NA,5
"Onuoha__O.",2,NA,NA,2,NA
"Orlandini__J.",5,NA,NA,5,NA
"Ortega__M.",3,NA,3,NA,NA
"Orth__D.",3,NA,NA,NA,3
"Osaki__A.",6,6,NA,NA,NA
"Oster__M.",3,NA,3,NA,NA
"Ostrow__K.",3,NA,3,NA,NA
"Ostrow__K.S.",5,NA,5,NA,NA
"Ostwald__J.",2,NA,NA,2,NA
"Otten__M.",1,NA,NA,1,NA
"Ou__L.",4,NA,NA,NA,4
"Oviatt__S.",3,NA,3,NA,NA
"Ozeki__T.",2,NA,NA,2,NA
"Pérez-Sanagustín__M.",4,NA,NA,NA,4
"Paas__F.",7,NA,NA,7,NA
"Paepcke__A.",3,NA,NA,NA,3
"Pallant__A.",8,NA,8,NA,NA
"Pammer-Schindler__V.",10,NA,NA,6,4
"Panisson__A.",4,NA,4,NA,NA
"Pantucek__M.",3,3,NA,NA,NA
"Papamitsiou__Z.",8,NA,2,3,5
"Papamitsiou__Z.K.",2,2,NA,NA,NA
"Papoušek__J.",2,NA,2,NA,NA
"Pappalardo__L.",5,NA,NA,2,3
"Pappas__I.O.",3,NA,NA,3,NA
"Paquette__L.",20,NA,9,3,11
"Pardo__A.",72,1,43,22,16
"Pardos__Z.A.",6,3,1,NA,2
"Park__J.",7,NA,NA,4,5
"Park__S.",5,NA,NA,NA,5
"Parodi__O.",4,NA,4,NA,NA
"Parra__D.",8,NA,8,NA,NA
"Patel__R.",2,NA,2,NA,NA
"Pathan__M.K.",2,NA,2,NA,NA
"Paton__C.",2,NA,NA,NA,2
"Patzak__A.",2,NA,NA,NA,2
"Paulin__D.",4,4,3,NA,NA
"Pavlik__P.",4,NA,NA,4,NA
"Pea__R.",8,8,NA,NA,NA
"Peace__C.",2,NA,NA,2,NA
"Pechenizkiy__M.",4,NA,NA,NA,4
"Peddi__T.",4,NA,NA,NA,4
"Peddycord__B.",3,NA,3,NA,NA
"Pedrelli__L.",4,NA,4,NA,NA
"Pedro__M.O.C.Z.S.",6,NA,NA,6,NA
"Pedro__M.O.Z.S.",3,NA,3,NA,NA
"Peffer__M.",5,NA,NA,NA,5
"Peffer__M.E.",1,NA,NA,1,NA
"Pelánek__R.",4,NA,2,NA,2
"Pelechrinis__K.",3,NA,NA,NA,3
"Pellungrini__R.",4,NA,NA,2,2
"Peng__J.-W.",2,2,NA,NA,NA
"Pensa__R.G.",1,NA,NA,1,NA
"Peri__S.S.S.",3,NA,NA,NA,3
"Perret__C.",4,NA,NA,3,3
"Perret__C.A.",4,NA,4,NA,NA
"Petropoulou__O.",2,2,NA,NA,NA
"Petsche__K.",5,NA,5,NA,NA
"Pfaffman__J.",7,7,NA,NA,NA
"Phillips__R.",7,7,NA,NA,NA
"Piech__C.",2,2,NA,NA,NA
"Piety__P.J.",2,2,NA,NA,NA
"Pinkard__N.",4,NA,NA,4,NA
"Pinkwart__N.",5,NA,NA,2,3
"Pirrò__G.",1,NA,NA,1,NA
"Pistilli__M.D.",4,2,3,NA,NA
"Plummer__B.",5,NA,5,NA,NA
"Podkul__T.",3,NA,3,NA,NA
"Pong__T.-C.",3,NA,NA,NA,3
"Ponti__G.",9,NA,NA,NA,9
"Poon__C.K.",4,NA,NA,4,NA
"Poquet__O.",19,NA,1,13,7
"Potts__B.A.",5,NA,NA,5,NA
"Poulovassilis__A.",6,NA,6,NA,NA
"Power__T.",6,NA,NA,6,NA
"Pratesi__F.",2,NA,NA,2,NA
"Prescott__L.",9,NA,9,NA,NA
"Prestigiacomo__R.",6,NA,NA,NA,6
"Price-Dennis__D.",3,NA,NA,NA,3
"Price__M.J.",5,NA,NA,5,NA
"Prieto__L.P.",16,NA,9,8,NA
"Prinsloo__P.",8,1,4,4,2
"Pritchard__D.E.",2,NA,2,NA,NA
"Pulman__S.",4,NA,4,NA,NA
"Pybus__J.",3,NA,NA,3,NA
"Qi__X.",7,NA,NA,7,NA
"Qiao__C.",4,NA,NA,4,1
"Qu__H.",4,NA,NA,NA,4
"Que__Y.",2,NA,NA,NA,2
"Quick__J.",8,NA,2,NA,6
"Quick__J.D.",2,NA,2,NA,NA
"Quigley__D.",8,NA,NA,3,5
"Quinn__J.",3,NA,3,NA,NA
"Quirk__A.",5,NA,NA,NA,5
"Raca__M.",2,2,NA,NA,NA
"Radinsky__J.",2,NA,2,NA,NA
"Rahmadi__R.",4,NA,4,NA,NA
"Rangel__V.S.",3,2,3,NA,NA
"Rangwala__H.",3,NA,NA,2,1
"Raschia__G.",3,NA,NA,3,NA
"Ravenscroft__A.",7,7,NA,NA,NA
"Reesman__J.",3,3,NA,NA,NA
"Rehrey__G.",13,NA,NA,13,NA
"Reich__J.",15,NA,5,1,10
"Reidsema__C.",5,NA,NA,5,NA
"Reilly__J.M.",1,NA,NA,NA,1
"Reimann__P.",7,7,NA,NA,NA
"Reniniou",4,NA,4,NA,NA
"Renz__J.",3,NA,3,NA,NA
"Renzel__D.",1,1,NA,NA,NA
"Resendes__M.",1,1,NA,NA,NA
"Retalis__S.",2,2,NA,NA,NA
"Rhim__J.",5,NA,NA,5,NA
"Rho__J.",5,NA,NA,5,NA
"Ricci__L.",2,NA,NA,2,NA
"Richards__G.",8,NA,NA,8,NA
"Richardson__J.T.E.",4,NA,4,NA,NA
"Rienties__B.",16,NA,10,9,NA
"Ringtved__U.",4,NA,2,4,NA
"Rinne__M.",3,NA,NA,3,NA
"Ritter__J.",2,NA,NA,NA,2
"Ritter__S.",5,1,NA,5,NA
"Rivas__M.J.",5,NA,NA,NA,5
"Rivera-Pelayo__V.",3,3,NA,NA,NA
"Robberechts__P.",1,NA,NA,NA,1
"Roberto__M.-M.",5,NA,5,NA,NA
"Robinson__C.",4,NA,4,NA,NA
"Rodés__V.",7,NA,NA,NA,7
"Rodríguez-Triana__M.J.",14,NA,7,8,NA
"Rodríguez__L.",4,4,NA,NA,NA
"Rodrigues__R.L.",5,NA,NA,NA,5
"Rodriguez__F.",7,NA,NA,4,5
"Rogers__T.",7,2,3,5,NA
"Rohloff__T.",10,NA,NA,NA,10
"Rojas__S.L.",4,4,NA,NA,NA
"Rolim__V.",5,NA,NA,NA,5
"Rombaut__M.",3,NA,3,NA,NA
"Romero__C.",6,3,3,NA,NA
"Ronchetti__M.",4,4,NA,NA,NA
"Rosé__C.",2,NA,NA,NA,2
"Rosé__C.P.",10,2,8,NA,NA
"Rose__C.",4,4,NA,NA,NA
"Rosen__Y.",2,NA,NA,2,NA
"Roth__D.",3,NA,NA,NA,3
"Rowe__E.",5,NA,5,NA,NA
"Rubin__A.",4,NA,4,NA,NA
"Rubinstein__B.I.P.",4,NA,4,NA,NA
"Ruipérez-Valiente__J.A.",13,NA,NA,NA,13
"Ruipérez-Valientea__J.A.",2,NA,2,NA,NA
"Ruiz__S.",5,NA,5,NA,NA
"Rummel__N.",6,NA,5,NA,1
"Ruppertz__L.",1,NA,1,NA,NA
"Russell__S.",3,NA,NA,3,NA
"Rutherford__T.",6,NA,NA,NA,6
"Ryan__K.",6,NA,NA,NA,6
"Sánchez-Santillán__M.",5,5,NA,NA,NA
"Sándor__A.",9,NA,5,5,NA
"Sándor__Á.",13,9,5,NA,NA
"Saab__N.",7,NA,NA,7,NA
"Saarinen__S.",2,NA,NA,NA,2
"Sabatini__J.",8,NA,NA,NA,8
"Sadaful__K.",4,NA,4,NA,NA
"Sadiq__S.",3,NA,NA,NA,3
"Sagarin__J.",3,NA,NA,NA,3
"Saint__J.",4,NA,NA,NA,4
"Salperwyck__C.",3,NA,3,NA,NA
"Salter__D.",5,NA,5,NA,NA
"Samadi__S.Y.",2,NA,2,NA,NA
"Sampson__D.G.",3,NA,3,NA,NA
"Samson__P.J.",0,0,NA,NA,NA
"San_Pedro__M.O.C.Z.",3,3,NA,NA,NA
"Sani__L.",5,NA,NA,5,NA
"Sans__V.",3,NA,NA,3,NA
"Santolini__M.",2,NA,NA,NA,2
"Santomauro__G.",9,NA,NA,NA,9
"Santos__J.L.",6,6,NA,NA,NA
"Santos__O.C.",4,NA,NA,4,NA
"Sao_Pedro__M.A.",2,2,NA,NA,NA
"Sapienza__A.",4,NA,4,NA,NA
"Saqr__M.",1,NA,NA,NA,1
"Saranti__A.",4,3,3,NA,NA
"Sarathy__N.",5,NA,NA,NA,5
"Saskia__B.-G.",1,NA,1,NA,NA
"Sato__B.K.",5,NA,NA,NA,5
"Schön__M.",3,3,NA,NA,NA
"Schaefer__S.",2,NA,2,NA,NA
"Schaeffer__J.",2,NA,NA,2,NA
"Schaub__F.",2,NA,NA,NA,2
"Scheffel__M.",24,4,14,8,3
"Schiorring__E.",2,2,NA,NA,NA
"Schneider__B.",8,3,5,NA,NA
"Schneider__E.",2,2,NA,NA,NA
"Schneider__J.",4,NA,NA,NA,4
"Schreurs__B.",4,4,NA,NA,NA
"Schroeder__N.",4,NA,NA,NA,4
"Schroeder__U.",5,4,3,NA,NA
"Schulte__J.",9,NA,NA,9,NA
"Schulte__O.",4,NA,NA,NA,4
"Schwartz__D.L.",2,NA,NA,2,NA
"Schweighart__M.",0,NA,NA,0,NA
"Schwendimann__B.A.",7,NA,7,NA,NA
"Sclater__N.",9,NA,NA,9,NA
"Scupelli__P.",4,4,NA,NA,NA
"Segal__A.",9,NA,2,NA,7
"Segedy__J.R.",2,2,NA,NA,NA
"Seitlinger__P.",6,NA,NA,4,3
"Sekiya__T.",2,NA,2,NA,NA
"Selent__D.",5,NA,5,NA,NA
"Sengupta__B.",6,NA,6,NA,NA
"Sergio__G.-S.",6,NA,6,NA,NA
"Sewell__A.",6,NA,NA,6,NA
"Seyeditabari__A.",4,NA,NA,NA,4
"Shabaninejad__S.",4,NA,NA,NA,4
"Shabrina__P.",6,NA,NA,NA,6
"Shaffer__D.W.",9,NA,NA,6,4
"Sharkey__M.",6,1,NA,5,NA
"Sharma__K.",10,NA,5,4,3
"Shehata__S.",1,NA,1,NA,NA
"Shen__X.",3,2,2,NA,NA
"Shepard__L.",13,NA,NA,13,NA
"Sher__V.",3,NA,NA,NA,3
"Shibani__A.",5,NA,3,NA,2
"Shimada__A.",9,NA,NA,9,NA
"Shultz__G.",4,4,NA,NA,NA
"Shum__S.B.",60,6,31,29,9
"Sicilia__M.-A.",3,3,NA,NA,NA
"Siddiquie__B.",5,NA,5,NA,NA
"Siebert-Evenstone__A.",4,NA,NA,4,NA
"Siemens__G.",39,7,8,21,7
"Siemensg__G.",11,NA,11,NA,NA
"Simmons__I.",3,NA,3,NA,NA
"Simsek__D.",6,4,5,NA,NA
"Sinclair__J.",6,NA,NA,4,2
"Sipolins__A.",2,NA,NA,2,NA
"Skinner__G.",3,NA,3,NA,NA
"Skocilas__J.",4,NA,NA,NA,4
"Skretting__H.",5,NA,NA,5,NA
"Skrypnyk__O.",6,NA,6,NA,NA
"Slade__S.",8,1,4,4,2
"Slater__S.",14,NA,NA,4,10
"Slater__S.A.",6,NA,NA,6,NA
"Slotta__J.D.",2,2,NA,NA,NA
"Sluijter__J.",1,NA,NA,1,NA
"Smeaton__A.",3,NA,NA,NA,3
"Smith__C.P.",7,7,NA,NA,NA
"Smith__E.",3,NA,NA,NA,3
"Smyth__P.",4,NA,NA,4,NA
"Snoeck__M.",5,NA,NA,NA,5
"Snow__E.L.",5,NA,5,NA,NA
"Soekarjo__K.M.W.",3,NA,NA,NA,3
"Soheily-Khah__S.",2,NA,2,NA,NA
"Solyst__J.",2,NA,NA,NA,2
"Sorokin__I.",0,NA,0,NA,NA
"Soussou__W.",5,NA,NA,5,NA
"Southavilay__V.",3,3,NA,NA,NA
"Spann__C.A.",2,NA,NA,2,NA
"Specht__M.",15,5,4,8,4
"Spiegel__S.",1,NA,1,NA,NA
"Spikol__D.",12,NA,4,7,3
"Srivastava__N.",5,NA,NA,NA,5
"Stamper__J.",11,NA,NA,11,NA
"Stanislav__V.",2,NA,2,NA,NA
"Staubitz__T.",13,NA,3,NA,10
"Steiner__T.A.",2,NA,NA,NA,2
"Steinert__L.",3,3,NA,NA,NA
"Steinwachs__M.",9,NA,NA,9,NA
"Stern__J.",5,NA,5,NA,NA
"Stevens__S.",2,NA,NA,NA,2
"Stewart__A.",4,NA,NA,NA,4
"Stoeffler__K.",2,NA,NA,2,NA
"Stoitsis__G.",7,7,NA,NA,NA
"Stone__C.",5,NA,NA,NA,5
"Stoyanov__S.",2,2,NA,NA,NA
"Studham__R.S.",2,NA,2,NA,NA
"Stump__G.S.",1,1,NA,NA,NA
"Su__J.K.",3,NA,NA,NA,3
"Suarez__N.",3,3,NA,NA,NA
"Suehiro__D.",4,NA,NA,4,NA
"Sulcer__B.",2,2,NA,NA,NA
"Sumner__T.",3,NA,NA,3,NA
"Sun__Y.",2,NA,2,NA,NA
"Suthers__D.",9,2,7,NA,NA
"Swenson__J.",0,0,NA,NA,NA
"Swiecki__Z.",6,NA,NA,6,1
"Syed__M.",5,NA,NA,NA,5
"Szegedi__P.",4,4,NA,NA,NA
"Türkmen__A.C.",1,NA,NA,NA,1
"Tabari__N.",4,NA,NA,NA,4
"Tabatabai__S.",4,NA,NA,4,NA
"Tada__M.",1,1,NA,NA,NA
"Taibi__D.",6,4,5,NA,NA
"Takahashi__H.",3,NA,3,NA,NA
"Takanashi__K.",6,6,NA,NA,NA
"Tall__K.",2,NA,NA,2,NA
"Tamborg__A.L.",6,NA,NA,6,NA
"Tammets__K.",10,NA,6,4,NA
"Tamrakar__A.",5,NA,5,NA,NA
"Tan__E.",2,NA,NA,NA,2
"Tan__J.P.-L.",5,NA,5,NA,NA
"Tan__S.C.",3,NA,NA,1,2
"Tan__Y.",5,NA,NA,5,NA
"Taniguchi__Y.",6,NA,NA,6,NA
"Taraghi__B.",4,3,3,NA,NA
"Taub__M.",8,NA,NA,8,NA
"Tavenard__R.",4,NA,4,NA,NA
"Taylor__J.N.",3,3,NA,NA,NA
"Taylor__S.",1,NA,NA,1,NA
"Teasley__S.",10,2,4,4,3
"Teasley__S.D.",15,7,4,3,4
"Tegene__M.",4,NA,NA,4,NA
"Tejeiro__R.",2,NA,NA,2,NA
"Tempelaar__D.",2,NA,NA,2,NA
"Tempelaar__D.T.",4,4,NA,NA,NA
"Teplovs__C.",4,4,NA,NA,NA
"Ternier__S.",6,NA,4,5,NA
"Terzis__V.",2,2,NA,NA,NA
"Thaker__K.",2,NA,NA,NA,2
"The__B.",1,NA,1,NA,NA
"Thille__C.",4,NA,NA,4,NA
"Thompson__C.",4,2,4,NA,NA
"Thompson__K.",4,NA,NA,4,NA
"Thorn__C.",2,NA,2,NA,NA
"Tian__L.",3,NA,3,NA,NA
"Tinker__R.",8,NA,8,NA,NA
"Tissenbaum__M.",4,2,NA,2,NA
"Toetenel__L.",11,NA,10,2,NA
"Tolvanen__T.",3,NA,NA,3,NA
"Tomaiuolo__M.",5,NA,NA,5,NA
"Tomar__G.",4,NA,4,NA,NA
"Tomić__B.",6,NA,6,NA,NA
"Tong__H.L.",3,NA,3,NA,NA
"Tormey__R.",2,2,NA,NA,NA
"Torre__M.V.",2,NA,NA,NA,2
"Trætteberg__H.",4,NA,NA,4,NA
"Trasarti__R.",2,NA,NA,2,NA
"Trausan-Matu__S.",3,NA,3,NA,NA
"Tritz__J.",7,4,3,NA,NA
"Tsai__Y.-S.",17,NA,NA,7,11
"Tscholl__M.",4,NA,NA,NA,4
"Tsingos-Lucas__C.",5,NA,NA,5,NA
"Tupikina__L.",2,NA,NA,NA,2
"Turrin__R.",3,NA,NA,NA,3
"Turro__C.",10,NA,NA,NA,10
"Tuti__T.",2,NA,NA,NA,2
"Twiner__A.",4,NA,4,NA,NA
"Uchida__T.",2,NA,NA,NA,2
"Ukkonen__A.",1,NA,NA,NA,1
"Ullmann__T.D.",0,NA,NA,0,NA
"Ulrich_Hoppe__H.",3,2,NA,NA,2
"Uosaki__N.",2,NA,2,2,NA
"Urretavizcaya__M.",5,NA,5,NA,NA
"Urrutia__M.L.",2,NA,NA,2,NA
"Uus__Õ.",3,NA,NA,NA,3
"Uzir__N.A.",7,NA,NA,NA,7
"Uzir__N.A.A.",7,NA,NA,NA,7
"Vachova__L.",5,5,NA,NA,NA
"Vaclavek__J.",4,NA,NA,NA,4
"Vahdati__S.",2,NA,2,NA,NA
"Valiente__J.A.R.",2,2,NA,NA,NA
"Van_De_Vrie__E.",4,4,NA,NA,NA
"Van_Den_Hoven__E.",6,NA,NA,NA,6
"van_der_Kamp__J.",3,NA,NA,NA,3
"Van_Der_Kooij__H.",4,4,NA,NA,NA
"Van_Der_Sluis__F.",7,NA,NA,7,NA
"Van_Der_Zee__T.",7,NA,NA,7,NA
"van_der_Zon__S.B.",4,NA,NA,NA,4
"Van_Goidsenhoven__S.",5,NA,NA,NA,5
"Van_Haaren__J.",2,NA,NA,NA,2
"Van_Helden__G.",4,NA,NA,NA,4
"Van_Inwegen__E.",3,NA,3,NA,NA
"Van_Inwegen__E.G.",7,NA,5,NA,3
"van_Ipenburg__W.",4,NA,NA,NA,4
"Van_Leeuwen__A.",1,NA,0,NA,1
"Van_Soom__C.",4,NA,NA,4,NA
"Van_Staalduinen__J.-P.",5,NA,NA,NA,5
"Vanden_Broucke__S.",5,NA,NA,NA,5
"Vanneste__P.",3,NA,NA,NA,3
"Varao-Sousa__T.L.",2,NA,NA,NA,2
"Varatharaj__A.",5,NA,NA,NA,5
"Vasalou__A.",2,NA,NA,NA,2
"Vatrapu__R.",4,4,NA,NA,NA
"Veas__E.",6,NA,NA,6,NA
"Veldsink__J.",4,NA,NA,NA,4
"Velloso__E.",5,NA,NA,NA,5
"Ventura__S.",3,NA,3,NA,NA
"Verbert__K.",28,4,8,13,7
"Verheyen__P.",3,3,NA,NA,NA
"Vesin__B.",2,NA,NA,NA,2
"Vezzoli__Y.",2,NA,NA,NA,2
"Viberg__O.",2,NA,NA,NA,2
"Victoria_Almeda__M.",2,NA,NA,2,NA
"Vigentini__L.",2,NA,NA,2,NA
"Vilar__J.A.",1,NA,1,NA,NA
"Villano__R.",3,NA,3,NA,NA
"Vo__T.",6,NA,NA,6,NA
"Vogelsang__T.",1,NA,1,NA,NA
"Von_Davier__A.",2,NA,NA,2,NA
"Vozniuk__A.",7,2,7,NA,NA
"Vozzi__F.",4,NA,4,NA,NA
"Vrzakova__H.",4,NA,NA,NA,4
"Vytasek__J.",2,NA,2,NA,NA
"Vytasek__J.M.",4,NA,NA,2,2
"Waddington__R.J.",1,1,NA,NA,NA
"Wadholm__B.",2,2,NA,NA,NA
"Waghray__D.",5,NA,NA,5,NA
"Wagner__A.Z.",5,NA,5,NA,NA
"Waller__R.",3,NA,NA,NA,3
"Wang__F.L.",4,NA,NA,4,NA
"Wang__H.",2,NA,2,NA,NA
"Wang__J.",3,NA,NA,NA,3
"Wang__Q.",3,NA,NA,3,NA
"Wang__X.",7,NA,7,NA,NA
"Wang__Y.",32,NA,18,3,12
"Wang__Z.",8,NA,NA,NA,8
"Wanigasekara__N.",6,NA,6,NA,NA
"Ward__D.",9,NA,NA,9,NA
"Warmerdam__E.",3,NA,NA,NA,3
"Warschauer__M.",7,NA,NA,4,5
"Wasson__B.",5,NA,NA,5,NA
"Watanabe__E.",2,NA,NA,2,NA
"Watanabe__J.",3,NA,3,NA,NA
"Waters__A.E.",2,NA,NA,NA,2
"Waters__Z.",9,NA,8,3,NA
"Weber__M.",4,4,NA,NA,NA
"Wei__H.",4,NA,NA,NA,4
"Wei__Q.",2,NA,NA,NA,2
"Wei__Z.",3,3,NA,NA,NA
"Weibel__N.",3,NA,3,NA,NA
"Weldemariam__K.",4,NA,NA,4,NA
"Wells__M.",4,NA,4,NA,NA
"Welsh__A.",6,NA,NA,6,NA
"Welsh__S.S.",5,NA,NA,NA,5
"Wen__M.",2,NA,2,NA,NA
"West__D.",3,NA,3,NA,NA
"Wham__D.",0,NA,NA,0,NA
"Whitaker__R.",3,2,3,NA,NA
"Whitelock-Wainwright__A.",11,NA,NA,2,10
"Whitelock__D.",14,8,9,NA,NA
"Whitmer__J.",4,2,2,NA,NA
"Whyte__A.",2,NA,2,NA,NA
"Wiebe__E.N.",2,2,NA,NA,NA
"Wiedmann__M.",5,NA,5,NA,NA
"Wild__F.",3,NA,3,NA,NA
"Wiley__K.J.",3,NA,NA,NA,3
"Williams__D.",8,NA,8,NA,NA
"Williams__J.J.",7,NA,5,NA,2
"Willis__J.",2,2,NA,NA,NA
"Willis__J.E.",3,NA,3,NA,NA
"Willis__J.E.__III",2,NA,2,NA,NA
"Wiltrout__M.E.",3,NA,NA,NA,3
"Winne__P.H.",2,NA,NA,NA,2
"Winston__W.",3,NA,NA,NA,3
"Winters__N.",2,NA,NA,NA,2
"Wise__A.F.",11,2,5,4,2
"Wolff__A.",13,10,6,NA,NA
"Wollenschlaeger__A.",4,NA,4,NA,NA
"Woloshen__S.",2,NA,NA,2,NA
"Wolpers__M.",12,4,8,NA,NA
"Wong__L.",5,5,NA,NA,NA
"Wong__T.-L.",4,NA,NA,4,NA
"Woo__C.",2,NA,NA,NA,2
"Woo__M.",3,NA,NA,3,NA
"Woodruff__E.",1,NA,NA,1,NA
"Woodthorpe__J.",9,NA,9,NA,NA
"Worsley__M.",8,1,4,5,NA
"Wright__C.V.",3,NA,NA,3,NA
"Wright__M.C.",2,2,NA,NA,NA
"Wshah__S.",3,NA,3,NA,NA
"Wu__J.",4,NA,4,NA,NA
"Wu__Y.-F.B.",1,NA,NA,1,NA
"Xenos__M.",1,1,NA,NA,NA
"Xhakaj__F.",6,NA,NA,6,NA
"Xia__M.",4,NA,NA,NA,4
"Xie__H.",4,NA,NA,4,NA
"Xing__W.",4,2,3,NA,NA
"Xiong__X.",2,NA,2,NA,NA
"Xiong__Y.",1,NA,NA,1,NA
"Xu__Y.",1,NA,1,NA,NA
"Xu__Z.",2,NA,1,1,NA
"Yacef__K.",11,3,5,4,NA
"Yaginuma__Y.",2,NA,NA,2,NA
"Yamada__H.",2,NA,2,1,NA
"Yamada__M.",4,NA,NA,4,NA
"Yamada__T.",2,NA,NA,2,NA
"Yamaguchi__K.",2,NA,2,NA,NA
"Yamashita__T.",3,NA,NA,3,NA
"Yan__W.",5,NA,NA,NA,5
"Yang__C.",7,NA,NA,7,NA
"Yang__J.-A.",5,5,NA,NA,NA
"Yang__K.",3,NA,NA,NA,3
"Yang__S.",3,NA,3,NA,NA
"Ye__S.",2,NA,2,NA,NA
"Yeomans__M.",4,NA,4,1,NA
"Yeung__D.-Y.",4,NA,NA,NA,4
"Yeung__Y.-C.A.",7,NA,NA,7,NA
"Yoon__M.",2,2,NA,NA,NA
"Yu__B.",3,NA,3,NA,NA
"Yu__R.",5,NA,NA,NA,5
"Yu__T.",1,1,NA,NA,NA
"Yu__Y.",3,NA,3,NA,NA
"Yuan__L.",8,NA,NA,8,NA
"Yuan__Y.",3,3,NA,NA,NA
"Yuhas__B.",5,NA,5,NA,NA
"Yun__H.",2,NA,NA,2,NA
"Yun__S.B.",5,NA,NA,NA,5
"Zacharias__V.",3,3,NA,NA,NA
"Zadrozny__W.",4,NA,NA,NA,4
"Zamecnik__A.",3,NA,NA,NA,3
"Zdrahal__Z.",21,10,4,8,4
"Zendulka__J.",2,NA,NA,2,NA
"Zeng__Z.",3,NA,NA,NA,3
"Zhang__A.X.",7,NA,NA,NA,7
"Zhang__G.",3,NA,NA,3,NA
"Zhang__J.",22,NA,NA,12,10
"Zhang__R.",4,NA,4,NA,NA
"Zhang__X.",3,NA,3,NA,NA
"Zhang__Y.",13,NA,8,NA,6
"Zhang__Z.",1,NA,NA,NA,1
"Zhao__A.",5,NA,5,NA,NA
"Zhao__C.",3,NA,3,NA,NA
"Zhao__Y.",7,2,5,NA,NA
"Zheng__G.",5,NA,NA,5,NA
"Zheng__L.",2,NA,NA,2,NA
"Zhou__L.",2,NA,NA,2,NA
"Zhou__Q.",3,NA,NA,NA,3
"Zhu__H.",1,NA,NA,NA,1
"Zhu__M.",6,NA,6,NA,NA
"Zhu__W.",2,NA,NA,NA,2
"Zhu__Z.",3,NA,NA,NA,3
"Ziebarth__S.",5,5,NA,NA,NA
"Zimmerman__H.T.",1,NA,1,NA,NA
"Zimmerman__N.L.",1,NA,NA,1,NA
"Zook__J.",4,NA,NA,NA,4
"Zou__D.",4,NA,NA,4,NA
"Zouaq__A.",5,NA,5,NA,NA
"Zuccon__G.",3,NA,NA,3,NA
"Zushi__M.",2,NA,2,NA,NA
